backend,taille,n,structure,parente,famille,p,phase,compile_s,eval_s,fit_interne_s,n_iter,logLik,tag
carte,2000,2000,ige/us(2),K_genomique,us,4,eval,0.5350704193115234,0.015406370162963867,,,-2406.966790407545,gpu16-n2000
carte,2000,2000,ige/us(2),K_genomique,us,4,fit,0.5368192195892334,0.015561342239379883,0.6889963150024414,15,-2406.966790407545,gpu16-n2000
carte,2000,2000,ige/us(2),K_identite,us,4,eval,0.35930490493774414,0.015491724014282227,,,-2408.9005789479456,gpu16-n2000
carte,2000,2000,ige/us(2),K_identite,us,4,fit,0.4734151363372803,0.015379667282104492,0.505406379699707,16,-2408.9005789479456,gpu16-n2000
carte,2000,2000,multi/diag(t=2),K_genomique,diag,4,eval,0.33152341842651367,0.01363515853881836,,,-2609.0761514386522,gpu16-n2000
carte,2000,2000,multi/diag(t=2),K_genomique,diag,4,fit,0.31954169273376465,0.013446807861328125,0.3916923999786377,12,-2609.0761514386522,gpu16-n2000
carte,2000,2000,multi/diag(t=2),K_identite,diag,4,eval,0.3369455337524414,0.013469934463500977,,,-2615.224966068427,gpu16-n2000
carte,2000,2000,multi/diag(t=2),K_identite,diag,4,fit,0.3621864318847656,0.013403177261352539,0.38714027404785156,11,-2615.224966068427,gpu16-n2000
carte,2000,2000,multi/diag(t=4),K_genomique,diag,8,eval,0.36551523208618164,0.011789798736572266,,,-2764.2994522682884,gpu16-n2000
carte,2000,2000,multi/diag(t=4),K_genomique,diag,8,fit,0.37804102897644043,0.01149129867553711,0.7650845050811768,18,-2764.2994522682884,gpu16-n2000
carte,2000,2000,multi/diag(t=4),K_identite,diag,8,eval,0.3786017894744873,0.011529207229614258,,,-2761.848187877608,gpu16-n2000
carte,2000,2000,multi/diag(t=4),K_identite,diag,8,fit,0.38180112838745117,0.011606216430664062,0.6919333934783936,17,-2761.848187877608,gpu16-n2000
carte,2000,1998,multi/diag(t=6),K_genomique,diag,12,eval,0.4002368450164795,0.011643648147583008,,,-2984.641113365652,gpu16-n2000
carte,2000,1998,multi/diag(t=6),K_genomique,diag,12,fit,0.39459919929504395,0.01160740852355957,0.5749664306640625,16,-2984.641113365652,gpu16-n2000
carte,2000,1998,multi/diag(t=6),K_identite,diag,12,eval,0.39193105697631836,0.011626243591308594,,,-2985.0428359029074,gpu16-n2000
carte,2000,1998,multi/diag(t=6),K_identite,diag,12,fit,0.3851351737976074,0.011621952056884766,0.8820209503173828,15,-2985.0428359029074,gpu16-n2000
carte,2000,2000,multi/fa1(t=2),K_genomique,fa,6,eval,0.3547825813293457,0.013610124588012695,,,-2607.531077181046,gpu16-n2000
carte,2000,2000,multi/fa1(t=2),K_genomique,fa,6,fit,0.3571052551269531,0.013729095458984375,0.6779356002807617,28,-2607.531077181046,gpu16-n2000
carte,2000,2000,multi/fa1(t=2),K_identite,fa,6,eval,0.3512918949127197,0.013750791549682617,,,-2612.9631431458824,gpu16-n2000
carte,2000,2000,multi/fa1(t=2),K_identite,fa,6,fit,1.1900389194488525,0.013886451721191406,0.6823642253875732,24,-2612.9631431458824,gpu16-n2000
carte,2000,2000,multi/fa1(t=4),K_genomique,fa,12,eval,0.3694276809692383,0.011727094650268555,,,-2752.60215096724,gpu16-n2000
carte,2000,2000,multi/fa1(t=4),K_genomique,fa,12,fit,0.36000561714172363,0.011763572692871094,1.2179749011993408,42,-2752.60215096724,gpu16-n2000
carte,2000,2000,multi/fa1(t=4),K_identite,fa,12,eval,0.3689577579498291,0.011543750762939453,,,-2749.48708382122,gpu16-n2000
carte,2000,2000,multi/fa1(t=4),K_identite,fa,12,fit,1.2480430603027344,0.011713504791259766,1.2153525352478027,43,-2749.48708382122,gpu16-n2000
carte,2000,1998,multi/fa1(t=6),K_genomique,fa,18,eval,0.41548967361450195,0.011861324310302734,,,-2967.7202258296943,gpu16-n2000
carte,2000,1998,multi/fa1(t=6),K_genomique,fa,18,fit,0.42402005195617676,0.012166738510131836,1.5310723781585693,44,-2967.7202258296943,gpu16-n2000
carte,2000,1998,multi/fa1(t=6),K_identite,fa,18,eval,0.4427618980407715,0.012083292007446289,,,-2969.86338353518,gpu16-n2000
carte,2000,1998,multi/fa1(t=6),K_identite,fa,18,fit,1.3368451595306396,0.01201772689819336,1.4757096767425537,42,-2969.86338353518,gpu16-n2000
carte,2000,2000,multi/fa2(t=4),K_genomique,fa,15,eval,0.39270472526550293,0.011733770370483398,,,-2751.8855539951146,gpu16-n2000
carte,2000,2000,multi/fa2(t=4),K_genomique,fa,15,fit,0.3843979835510254,0.011901378631591797,1.525055170059204,54,-2751.8855539951146,gpu16-n2000
carte,2000,2000,multi/fa2(t=4),K_identite,fa,15,eval,0.39054083824157715,0.011833667755126953,,,-2748.5412145190394,gpu16-n2000
carte,2000,2000,multi/fa2(t=4),K_identite,fa,15,fit,1.2246308326721191,0.011736869812011719,1.5849025249481201,59,-2748.5412145190394,gpu16-n2000
carte,2000,1998,multi/fa2(t=6),K_genomique,fa,23,eval,0.44687390327453613,0.012337207794189453,,,-2952.1608118220183,gpu16-n2000
carte,2000,1998,multi/fa2(t=6),K_genomique,fa,23,fit,0.4490079879760742,0.012127399444580078,3.2876105308532715,164,-2952.1608118220183,gpu16-n2000
carte,2000,1998,multi/fa2(t=6),K_identite,fa,23,eval,0.44667530059814453,0.012142658233642578,,,-2952.9856620000546,gpu16-n2000
carte,2000,1998,multi/fa2(t=6),K_identite,fa,23,fit,1.3721935749053955,0.012021303176879883,3.275669574737549,164,-2952.9856620000546,gpu16-n2000
carte,2000,2000,multi/iid(t=2),K_genomique,iid,3,eval,0.33157777786254883,0.013559103012084961,,,-2615.473904268387,gpu16-n2000
carte,2000,2000,multi/iid(t=2),K_genomique,iid,3,fit,0.33054327964782715,0.01353907585144043,0.3222386837005615,9,-2615.473904268387,gpu16-n2000
carte,2000,2000,multi/iid(t=2),K_identite,iid,3,eval,0.31719541549682617,0.013370275497436523,,,-2620.3223581029515,gpu16-n2000
carte,2000,2000,multi/iid(t=2),K_identite,iid,3,fit,1.677962303161621,0.013359785079956055,0.31017398834228516,8,-2620.3223581029515,gpu16-n2000
carte,2000,2000,multi/iid(t=4),K_genomique,iid,5,eval,0.3653271198272705,0.01171875,,,-2771.2508498311445,gpu16-n2000
carte,2000,2000,multi/iid(t=4),K_genomique,iid,5,fit,0.3759031295776367,0.01144552230834961,0.46356201171875,8,-2771.2508498311445,gpu16-n2000
carte,2000,2000,multi/iid(t=4),K_identite,iid,5,eval,0.37213993072509766,0.01153254508972168,,,-2769.595672963757,gpu16-n2000
carte,2000,2000,multi/iid(t=4),K_identite,iid,5,fit,1.3425767421722412,0.011693716049194336,0.4965643882751465,8,-2769.595672963757,gpu16-n2000
carte,2000,1998,multi/iid(t=6),K_genomique,iid,7,eval,0.4136826992034912,0.011859416961669922,,,-2996.992334693856,gpu16-n2000
carte,2000,1998,multi/iid(t=6),K_genomique,iid,7,fit,0.40541911125183105,0.01179957389831543,0.616222620010376,9,-2996.992334693856,gpu16-n2000
carte,2000,1998,multi/iid(t=6),K_identite,iid,7,eval,0.4071507453918457,0.011819601058959961,,,-2996.5777773340433,gpu16-n2000
carte,2000,1998,multi/iid(t=6),K_identite,iid,7,fit,1.8050429821014404,0.011815309524536133,0.37701845169067383,9,-2996.5777773340433,gpu16-n2000
carte,2000,2000,multi/us(t=2),K_genomique,us,5,eval,0.3663649559020996,0.013628244400024414,,,-2607.531077181046,gpu16-n2000
carte,2000,2000,multi/us(t=2),K_genomique,us,5,fit,0.3524646759033203,0.013735055923461914,0.6764395236968994,17,-2607.531077181046,gpu16-n2000
carte,2000,2000,multi/us(t=2),K_identite,us,5,eval,0.35988593101501465,0.013673782348632812,,,-2612.9631431458824,gpu16-n2000
carte,2000,2000,multi/us(t=2),K_identite,us,5,fit,0.5032587051391602,0.013743400573730469,0.6486644744873047,15,-2612.9631431458824,gpu16-n2000
carte,2000,2000,multi/us(t=4),K_genomique,us,14,eval,0.4144296646118164,0.011602163314819336,,,-2751.8855539951146,gpu16-n2000
carte,2000,2000,multi/us(t=4),K_genomique,us,14,fit,0.42148828506469727,0.011640548706054688,1.0889792442321777,25,-2751.8855539951146,gpu16-n2000
carte,2000,2000,multi/us(t=4),K_identite,us,14,eval,0.4197502136230469,0.01190638542175293,,,-2748.5412145190394,gpu16-n2000
carte,2000,2000,multi/us(t=4),K_identite,us,14,fit,0.5256307125091553,0.011591911315917969,1.0711562633514404,24,-2748.5412145190394,gpu16-n2000
carte,2000,1998,multi/us(t=6),K_genomique,us,27,eval,0.44027185440063477,0.011837244033813477,,,-2945.451650345777,gpu16-n2000
carte,2000,1998,multi/us(t=6),K_genomique,us,27,fit,0.4338247776031494,0.01186823844909668,1.8286988735198975,33,-2945.451650345777,gpu16-n2000
carte,2000,1998,multi/us(t=6),K_identite,us,27,eval,0.444929838180542,0.011689901351928711,,,-2946.668131345944,gpu16-n2000
carte,2000,1998,multi/us(t=6),K_identite,us,27,fit,0.5708303451538086,0.011905670166015625,1.8443410396575928,34,-2946.668131345944,gpu16-n2000
carte,2000,1960,spatial/ar1xar1,K_genomique,iid,4,eval,0.3684418201446533,0.014757633209228516,,,-2282.4104494754442,gpu16-n2000
carte,2000,1960,spatial/ar1xar1,K_genomique,iid,4,fit,0.3711986541748047,0.014915943145751953,0.4162917137145996,11,-2282.4104494754442,gpu16-n2000
carte,2000,1960,spatial/ar1xar1,K_identite,iid,4,eval,0.2779691219329834,0.015020370483398438,,,-2284.1479970866985,gpu16-n2000
carte,2000,1960,spatial/ar1xar1,K_identite,iid,4,fit,1.3919308185577393,0.014854192733764648,0.4157869815826416,11,-2284.1479970866985,gpu16-n2000
carte,4000,4000,ige/us(2),K_genomique,us,4,eval,1.9852697849273682,0.058760643005371094,,,-4769.7157588073105,gpu16-n4000
carte,4000,4000,ige/us(2),K_genomique,us,4,fit,1.9983532428741455,0.058969974517822266,2.7634530067443848,16,-4769.7157588073105,gpu16-n4000
carte,4000,4000,ige/us(2),K_identite,us,4,eval,0.48072099685668945,0.058890581130981445,,,-4779.593043869688,gpu16-n4000
carte,4000,4000,ige/us(2),K_identite,us,4,fit,0.6109349727630615,0.058741092681884766,2.642052173614502,16,-4779.593043869688,gpu16-n4000
carte,4000,4000,multi/diag(t=2),K_genomique,diag,4,eval,0.46697306632995605,0.04998350143432617,,,-5212.871631370081,gpu16-n4000
carte,4000,4000,multi/diag(t=2),K_genomique,diag,4,fit,0.45935702323913574,0.0501401424407959,1.3940987586975098,12,-5212.871631370081,gpu16-n4000
carte,4000,4000,multi/diag(t=2),K_identite,diag,4,eval,0.46723341941833496,0.04979538917541504,,,-5217.036187055527,gpu16-n4000
carte,4000,4000,multi/diag(t=2),K_identite,diag,4,fit,0.495145320892334,0.0500948429107666,1.4452576637268066,13,-5217.036187055527,gpu16-n4000
carte,4000,4000,multi/diag(t=4),K_genomique,diag,8,eval,0.6808309555053711,0.04307913780212402,,,-5565.156600614549,gpu16-n4000
carte,4000,4000,multi/diag(t=4),K_genomique,diag,8,fit,0.6897399425506592,0.04300570487976074,1.8878357410430908,18,-5565.156600614549,gpu16-n4000
carte,4000,4000,multi/diag(t=4),K_identite,diag,8,eval,0.6758999824523926,0.043151140213012695,,,-5569.869995562269,gpu16-n4000
carte,4000,4000,multi/diag(t=4),K_identite,diag,8,fit,0.6872649192810059,0.043033599853515625,2.7065625190734863,19,-5569.869995562269,gpu16-n4000
carte,4000,3996,multi/diag(t=6),K_genomique,diag,12,eval,0.9004268646240234,0.04444718360900879,,,-5956.936901319497,gpu16-n4000
carte,4000,3996,multi/diag(t=6),K_genomique,diag,12,fit,0.9090392589569092,0.04456448554992676,2.2239902019500732,17,-5956.936901319497,gpu16-n4000
carte,4000,3996,multi/diag(t=6),K_identite,diag,12,eval,0.9001173973083496,0.04439258575439453,,,-5965.959244816227,gpu16-n4000
carte,4000,3996,multi/diag(t=6),K_identite,diag,12,fit,0.9026961326599121,0.04448676109313965,3.4170117378234863,16,-5965.959244816227,gpu16-n4000
carte,4000,4000,multi/fa1(t=2),K_genomique,fa,6,eval,0.4750034809112549,0.05093550682067871,,,-5212.46755960208,gpu16-n4000
carte,4000,4000,multi/fa1(t=2),K_genomique,fa,6,fit,0.4657111167907715,0.05074286460876465,3.290733575820923,26,-5212.46755960208,gpu16-n4000
carte,4000,4000,multi/fa1(t=2),K_identite,fa,6,eval,0.4795982837677002,0.05070185661315918,,,-5216.833242946083,gpu16-n4000
carte,4000,4000,multi/fa1(t=2),K_identite,fa,6,fit,1.6400322914123535,0.05073952674865723,3.5551159381866455,29,-5216.833242946083,gpu16-n4000
carte,4000,4000,multi/fa1(t=4),K_genomique,fa,12,eval,0.7130622863769531,0.04430365562438965,,,-5544.68028477251,gpu16-n4000
carte,4000,4000,multi/fa1(t=4),K_genomique,fa,12,fit,0.7140374183654785,0.04427170753479004,4.400324821472168,38,-5544.68028477251,gpu16-n4000
carte,4000,4000,multi/fa1(t=4),K_identite,fa,12,eval,0.6857101917266846,0.044237613677978516,,,-5544.28178197427,gpu16-n4000
carte,4000,4000,multi/fa1(t=4),K_identite,fa,12,fit,1.8912391662597656,0.04415273666381836,4.184002637863159,36,-5544.28178197427,gpu16-n4000
carte,4000,3996,multi/fa1(t=6),K_genomique,fa,18,eval,0.9220077991485596,0.0454554557800293,,,-5925.307380568013,gpu16-n4000
carte,4000,3996,multi/fa1(t=6),K_genomique,fa,18,fit,0.9287312030792236,0.0456395149230957,8.163195133209229,90,-5925.307380568013,gpu16-n4000
carte,4000,3996,multi/fa1(t=6),K_identite,fa,18,eval,0.9251236915588379,0.04557514190673828,,,-5938.506884977025,gpu16-n4000
carte,4000,3996,multi/fa1(t=6),K_identite,fa,18,fit,2.312192678451538,0.045369625091552734,5.942711591720581,46,-5938.506884977025,gpu16-n4000
carte,4000,4000,multi/fa2(t=4),K_genomique,fa,15,eval,0.685760498046875,0.04511833190917969,,,-5542.839265022557,gpu16-n4000
carte,4000,4000,multi/fa2(t=4),K_genomique,fa,15,fit,0.704373836517334,0.04515194892883301,5.855019807815552,54,-5542.839265022557,gpu16-n4000
carte,4000,4000,multi/fa2(t=4),K_identite,fa,15,eval,0.6707375049591064,0.04531598091125488,,,-5543.109934018306,gpu16-n4000
carte,4000,4000,multi/fa2(t=4),K_identite,fa,15,fit,1.840017557144165,0.04540753364562988,5.722029209136963,51,-5543.109934018306,gpu16-n4000
carte,4000,3996,multi/fa2(t=6),K_genomique,fa,23,eval,0.8988437652587891,0.0464479923248291,,,-5899.14928265432,gpu16-n4000
carte,4000,3996,multi/fa2(t=6),K_genomique,fa,23,fit,0.9014067649841309,0.04644632339477539,9.918039321899414,104,-5899.14928265432,gpu16-n4000
carte,4000,3996,multi/fa2(t=6),K_identite,fa,23,eval,0.9107072353363037,0.04678964614868164,,,-5903.468749105245,gpu16-n4000
carte,4000,3996,multi/fa2(t=6),K_identite,fa,23,fit,2.321592092514038,0.04663515090942383,14.079532623291016,188,-5903.468749105245,gpu16-n4000
carte,4000,4000,multi/iid(t=2),K_genomique,iid,3,eval,0.4606471061706543,0.04988288879394531,,,-5222.495065174322,gpu16-n4000
carte,4000,4000,multi/iid(t=2),K_genomique,iid,3,fit,0.4628911018371582,0.04990959167480469,1.7425837516784668,9,-5222.495065174322,gpu16-n4000
carte,4000,4000,multi/iid(t=2),K_identite,iid,3,eval,0.4680795669555664,0.05001950263977051,,,-5228.562541727804,gpu16-n4000
carte,4000,4000,multi/iid(t=2),K_identite,iid,3,fit,2.319310426712036,0.049988508224487305,1.196197748184204,9,-5228.562541727804,gpu16-n4000
carte,4000,4000,multi/iid(t=4),K_genomique,iid,5,eval,0.6794891357421875,0.043253421783447266,,,-5578.425092179855,gpu16-n4000
carte,4000,4000,multi/iid(t=4),K_genomique,iid,5,fit,0.7129449844360352,0.043161869049072266,1.7186055183410645,8,-5578.425092179855,gpu16-n4000
carte,4000,4000,multi/iid(t=4),K_identite,iid,5,eval,0.6760532855987549,0.04327106475830078,,,-5585.567946721822,gpu16-n4000
carte,4000,4000,multi/iid(t=4),K_identite,iid,5,fit,2.0565974712371826,0.04307126998901367,1.721402883529663,8,-5585.567946721822,gpu16-n4000
carte,4000,3996,multi/iid(t=6),K_genomique,iid,7,eval,0.9088239669799805,0.04447460174560547,,,-5982.744508304866,gpu16-n4000
carte,4000,3996,multi/iid(t=6),K_genomique,iid,7,fit,0.9080495834350586,0.04449605941772461,1.4244439601898193,9,-5982.744508304866,gpu16-n4000
carte,4000,3996,multi/iid(t=6),K_identite,iid,7,eval,0.902022123336792,0.044464111328125,,,-5990.054821296967,gpu16-n4000
carte,4000,3996,multi/iid(t=6),K_identite,iid,7,fit,2.967036724090576,0.0445408821105957,2.267102003097534,9,-5990.054821296967,gpu16-n4000
carte,4000,4000,multi/us(t=2),K_genomique,us,5,eval,0.502112627029419,0.04987335205078125,,,-5212.46755960208,gpu16-n4000
carte,4000,4000,multi/us(t=2),K_genomique,us,5,fit,0.4913787841796875,0.049811363220214844,1.7924714088439941,16,-5212.46755960208,gpu16-n4000
carte,4000,4000,multi/us(t=2),K_identite,us,5,eval,0.4953310489654541,0.049953460693359375,,,-5216.833242946083,gpu16-n4000
carte,4000,4000,multi/us(t=2),K_identite,us,5,fit,0.624314546585083,0.04985833168029785,2.3917782306671143,16,-5216.833242946083,gpu16-n4000
carte,4000,4000,multi/us(t=4),K_genomique,us,14,eval,0.7094283103942871,0.043013572692871094,,,-5542.839265022557,gpu16-n4000
carte,4000,4000,multi/us(t=4),K_genomique,us,14,fit,0.7257449626922607,0.04317975044250488,3.871563673019409,24,-5542.839265022557,gpu16-n4000
carte,4000,4000,multi/us(t=4),K_identite,us,14,eval,0.7188944816589355,0.04326272010803223,,,-5543.1099340183055,gpu16-n4000
carte,4000,4000,multi/us(t=4),K_identite,us,14,fit,0.8376085758209229,0.04323101043701172,3.824061632156372,23,-5543.1099340183055,gpu16-n4000
carte,4000,3996,multi/us(t=6),K_genomique,us,27,eval,0.9295456409454346,0.04470491409301758,,,-5874.394820070722,gpu16-n4000
carte,4000,3996,multi/us(t=6),K_genomique,us,27,fit,0.9384360313415527,0.04459524154663086,6.670624017715454,33,-5874.394820070722,gpu16-n4000
carte,4000,3996,multi/us(t=6),K_identite,us,27,eval,0.9461307525634766,0.04463696479797363,,,-5880.130056898226,gpu16-n4000
carte,4000,3996,multi/us(t=6),K_identite,us,27,fit,1.0657153129577637,0.04452800750732422,6.755956649780273,34,-5880.130056898226,gpu16-n4000
carte,4000,3950,spatial/ar1xar1,K_genomique,iid,4,eval,1.1049449443817139,0.05785512924194336,,,-4591.931489903776,gpu16-n4000
carte,4000,3950,spatial/ar1xar1,K_genomique,iid,4,fit,1.1311569213867188,0.05771017074584961,1.6163413524627686,11,-4591.931489903776,gpu16-n4000
carte,4000,3950,spatial/ar1xar1,K_identite,iid,4,eval,0.3642158508300781,0.05774855613708496,,,-4600.052078514125,gpu16-n4000
carte,4000,3950,spatial/ar1xar1,K_identite,iid,4,fit,2.017446517944336,0.05762839317321777,1.6169347763061523,11,-4600.052078514125,gpu16-n4000
carte,8000,8000,ige/us(2),K_genomique,us,4,eval,12.915622472763062,0.2822709083557129,,,-9524.871911372693,gpu16-n8000
carte,8000,8000,ige/us(2),K_genomique,us,4,fit,12.94906997680664,0.2817244529724121,10.450508117675781,17,-9524.871911372693,gpu16-n8000
carte,8000,8000,ige/us(2),K_identite,us,4,eval,0.863847017288208,0.27919745445251465,,,-9561.508116109997,gpu16-n8000
carte,8000,8000,ige/us(2),K_identite,us,4,fit,0.9668722152709961,0.28015899658203125,12.892397165298462,18,-9561.508116109997,gpu16-n8000
carte,8000,8000,multi/diag(t=2),K_genomique,diag,4,eval,0.8378863334655762,0.2381749153137207,,,-10536.914768319879,gpu16-n8000
carte,8000,8000,multi/diag(t=2),K_genomique,diag,4,fit,0.8222236633300781,0.23926329612731934,6.673967123031616,12,-10536.914768319879,gpu16-n8000
carte,8000,8000,multi/diag(t=2),K_identite,diag,4,eval,0.8215007781982422,0.23842573165893555,,,-10524.66553619283,gpu16-n8000
carte,8000,8000,multi/diag(t=2),K_identite,diag,4,fit,0.8602046966552734,0.23843789100646973,6.677737712860107,11,-10524.66553619283,gpu16-n8000
carte,8000,8000,multi/diag(t=4),K_genomique,diag,8,eval,1.3711755275726318,0.21859312057495117,,,-11138.872473419098,gpu16-n8000
carte,8000,8000,multi/diag(t=4),K_genomique,diag,8,fit,1.3654234409332275,0.2185370922088623,13.33249545097351,17,-11138.872473419098,gpu16-n8000
carte,8000,8000,multi/diag(t=4),K_identite,diag,8,eval,1.373145580291748,0.21894550323486328,,,-11136.832208849497,gpu16-n8000
carte,8000,8000,multi/diag(t=4),K_identite,diag,8,fit,1.3529651165008545,0.21872377395629883,12.68173885345459,16,-11136.832208849497,gpu16-n8000
carte,8000,7998,multi/diag(t=6),K_genomique,diag,12,eval,2.7307989597320557,0.2315359115600586,,,-12040.680074004576,gpu16-n8000
carte,8000,7998,multi/diag(t=6),K_genomique,diag,12,fit,2.725656270980835,0.23145127296447754,17.124192237854004,16,-12040.680074004576,gpu16-n8000
carte,8000,7998,multi/diag(t=6),K_identite,diag,12,eval,2.767374038696289,0.23181629180908203,,,-12041.962133211273,gpu16-n8000
carte,8000,7998,multi/diag(t=6),K_identite,diag,12,fit,2.77583909034729,0.23189926147460938,17.597844123840332,16,-12041.962133211273,gpu16-n8000
carte,8000,8000,multi/fa1(t=2),K_genomique,fa,6,eval,0.8582992553710938,0.24614739418029785,,,-10532.082626732985,gpu16-n8000
carte,8000,8000,multi/fa1(t=2),K_genomique,fa,6,fit,0.8547158241271973,0.24611401557922363,15.259876251220703,24,-10532.082626732985,gpu16-n8000
carte,8000,8000,multi/fa1(t=2),K_identite,fa,6,eval,0.8577489852905273,0.24612855911254883,,,-10521.474742808121,gpu16-n8000
carte,8000,8000,multi/fa1(t=2),K_identite,fa,6,fit,2.9331116676330566,0.24631118774414062,15.757200241088867,25,-10521.474742808121,gpu16-n8000
carte,8000,8000,multi/fa1(t=4),K_genomique,fa,12,eval,1.4022622108459473,0.22733211517333984,,,-11064.115397381795,gpu16-n8000
carte,8000,8000,multi/fa1(t=4),K_genomique,fa,12,fit,1.407130479812622,0.2273848056793213,22.507940769195557,40,-11064.115397381795,gpu16-n8000
carte,8000,8000,multi/fa1(t=4),K_identite,fa,12,eval,1.3932538032531738,0.22734284400939941,,,-11056.613359172854,gpu16-n8000
carte,8000,8000,multi/fa1(t=4),K_identite,fa,12,fit,4.914199352264404,0.22768616676330566,21.594539165496826,35,-11056.613359172854,gpu16-n8000
carte,8000,7998,multi/fa1(t=6),K_genomique,fa,18,eval,2.745574951171875,0.23914766311645508,,,-11984.670209377566,gpu16-n8000
carte,8000,7998,multi/fa1(t=6),K_genomique,fa,18,fit,2.759321451187134,0.23928451538085938,31.10561513900757,46,-11984.670209377566,gpu16-n8000
carte,8000,7998,multi/fa1(t=6),K_identite,fa,18,eval,2.8057665824890137,0.23955988883972168,,,-11973.550940215768,gpu16-n8000
carte,8000,7998,multi/fa1(t=6),K_identite,fa,18,fit,7.326432228088379,0.23990345001220703,29.940329790115356,42,-11973.550940215768,gpu16-n8000
carte,8000,8000,multi/fa2(t=4),K_genomique,fa,15,eval,1.396251916885376,0.23508381843566895,,,-11063.968653294143,gpu16-n8000
carte,8000,8000,multi/fa2(t=4),K_genomique,fa,15,fit,1.4161369800567627,0.23512983322143555,31.029479265213013,57,-11063.968653294143,gpu16-n8000
carte,8000,8000,multi/fa2(t=4),K_identite,fa,15,eval,1.3880114555358887,0.2351224422454834,,,-11055.518899828288,gpu16-n8000
carte,8000,8000,multi/fa2(t=4),K_identite,fa,15,fit,5.175865650177002,0.23522090911865234,28.44142436981201,48,-11055.518899828288,gpu16-n8000
carte,8000,7998,multi/fa2(t=6),K_genomique,fa,23,eval,2.7548391819000244,0.2471628189086914,,,-11934.625423953186,gpu16-n8000
carte,8000,7998,multi/fa2(t=6),K_genomique,fa,23,fit,2.748962879180908,0.24710917472839355,67.10702586174011,161,-11934.625423953186,gpu16-n8000
carte,8000,7998,multi/fa2(t=6),K_identite,fa,23,eval,2.78865909576416,0.2478950023651123,,,-11923.031349440189,gpu16-n8000
carte,8000,7998,multi/fa2(t=6),K_identite,fa,23,fit,7.523208141326904,0.24733471870422363,64.40561246871948,147,-11923.031349440189,gpu16-n8000
carte,8000,8000,multi/iid(t=2),K_genomique,iid,3,eval,0.9051427841186523,0.238356351852417,,,-10548.65474043399,gpu16-n8000
carte,8000,8000,multi/iid(t=2),K_genomique,iid,3,fit,0.8175656795501709,0.23838090896606445,8.339576959609985,9,-10548.65474043399,gpu16-n8000
carte,8000,8000,multi/iid(t=2),K_identite,iid,3,eval,0.8422379493713379,0.23839759826660156,,,-10538.906616655346,gpu16-n8000
carte,8000,8000,multi/iid(t=2),K_identite,iid,3,fit,6.868676424026489,0.23855161666870117,7.868350267410278,9,-10538.906616655346,gpu16-n8000
carte,8000,8000,multi/iid(t=4),K_genomique,iid,5,eval,1.3752388954162598,0.2186596393585205,,,-11162.041996209653,gpu16-n8000
carte,8000,8000,multi/iid(t=4),K_genomique,iid,5,fit,1.3868951797485352,0.2185959815979004,5.901474952697754,8,-11162.041996209653,gpu16-n8000
carte,8000,8000,multi/iid(t=4),K_identite,iid,5,eval,1.3614449501037598,0.21876072883605957,,,-11163.11968850794,gpu16-n8000
carte,8000,8000,multi/iid(t=4),K_identite,iid,5,fit,4.380589246749878,0.21884465217590332,9.400682926177979,8,-11163.11968850794,gpu16-n8000
carte,8000,7998,multi/iid(t=6),K_genomique,iid,7,eval,2.7292091846466064,0.23143815994262695,,,-12088.988989073068,gpu16-n8000
carte,8000,7998,multi/iid(t=6),K_genomique,iid,7,fit,2.7743022441864014,0.23144197463989258,11.341543197631836,9,-12088.988989073068,gpu16-n8000
carte,8000,7998,multi/iid(t=6),K_identite,iid,7,eval,2.7798469066619873,0.23156142234802246,,,-12082.453645774345,gpu16-n8000
carte,8000,7998,multi/iid(t=6),K_identite,iid,7,fit,10.928705215454102,0.2316877841949463,7.408561706542969,9,-12082.453645774345,gpu16-n8000
carte,8000,8000,multi/us(t=2),K_genomique,us,5,eval,0.880685567855835,0.2391340732574463,,,-10532.082626732983,gpu16-n8000
carte,8000,8000,multi/us(t=2),K_genomique,us,5,fit,0.8838510513305664,0.2384033203125,11.198387861251831,16,-10532.082626732983,gpu16-n8000
carte,8000,8000,multi/us(t=2),K_identite,us,5,eval,0.8810460567474365,0.23825645446777344,,,-10521.474742808121,gpu16-n8000
carte,8000,8000,multi/us(t=2),K_identite,us,5,fit,1.0058865547180176,0.2382957935333252,11.436408996582031,15,-10521.474742808121,gpu16-n8000
carte,8000,8000,multi/us(t=4),K_genomique,us,14,eval,1.400252342224121,0.21857047080993652,,,-11063.968653294143,gpu16-n8000
carte,8000,8000,multi/us(t=4),K_genomique,us,14,fit,1.4079718589782715,0.2185814380645752,20.103816986083984,22,-11063.968653294143,gpu16-n8000
carte,8000,8000,multi/us(t=4),K_identite,us,14,eval,1.3925535678863525,0.21854376792907715,,,-11055.518899828283,gpu16-n8000
carte,8000,8000,multi/us(t=4),K_identite,us,14,fit,1.5330181121826172,0.2187480926513672,20.336055994033813,25,-11055.518899828283,gpu16-n8000
carte,8000,7998,multi/us(t=6),K_genomique,us,27,eval,2.7753803730010986,0.23143315315246582,,,-11911.201718199949,gpu16-n8000
carte,8000,7998,multi/us(t=6),K_genomique,us,27,fit,2.787742853164673,0.23150348663330078,36.55242037773132,34,-11911.201718199949,gpu16-n8000
carte,8000,7998,multi/us(t=6),K_identite,us,27,eval,2.796837091445923,0.23161673545837402,,,-11902.251469821205,gpu16-n8000
carte,8000,7998,multi/us(t=6),K_identite,us,27,fit,3.1931116580963135,0.2316739559173584,37.01913380622864,35,-11902.251469821205,gpu16-n8000
carte,8000,7952,spatial/ar1xar1,K_genomique,iid,4,eval,6.414115905761719,0.2740910053253174,,,-9186.558269153677,gpu16-n8000
carte,8000,7952,spatial/ar1xar1,K_genomique,iid,4,fit,6.404821395874023,0.2746436595916748,7.691067218780518,9,-9186.558269153677,gpu16-n8000
carte,8000,7952,spatial/ar1xar1,K_identite,iid,4,eval,0.4170410633087158,0.27506279945373535,,,-9217.382337941952,gpu16-n8000
carte,8000,7952,spatial/ar1xar1,K_identite,iid,4,fit,6.136672019958496,0.2758007049560547,13.497848272323608,10,-9217.382337941952,gpu16-n8000
carte,16000,16000,ige/us(2),K_genomique,us,4,eval,99.27748680114746,1.5424790382385254,,,-18627.84103436951,gpu16-n16000
carte,16000,16000,ige/us(2),K_genomique,us,4,fit,99.2043023109436,1.5385832786560059,52.598323583602905,14,-18627.84103436951,gpu16-n16000
carte,16000,16000,ige/us(2),K_identite,us,4,eval,2.454972505569458,1.5451886653900146,,,-18814.443382112426,gpu16-n16000
carte,16000,16000,ige/us(2),K_identite,us,4,fit,2.612724542617798,1.5418848991394043,52.6025116443634,16,-18814.443382112426,gpu16-n16000
carte,16000,16000,multi/diag(t=2),K_genomique,diag,4,eval,2.441359043121338,1.338883399963379,,,-21005.641419714968,gpu16-n16000
carte,16000,16000,multi/diag(t=2),K_genomique,diag,4,fit,2.441728353500366,1.3393230438232422,73.68340015411377,14,-21005.641419714968,gpu16-n16000
carte,16000,16000,multi/diag(t=2),K_identite,diag,4,eval,2.4865171909332275,1.3393058776855469,,,-21009.797354674713,gpu16-n16000
carte,16000,16000,multi/diag(t=2),K_identite,diag,4,fit,2.531176805496216,1.3389110565185547,52.23833084106445,12,-21009.797354674713,gpu16-n16000
carte,16000,16000,multi/diag(t=4),K_genomique,diag,8,eval,2.683589458465576,1.3271493911743164,,,-22286.880613766967,gpu16-n16000
carte,16000,16000,multi/diag(t=4),K_genomique,diag,8,fit,2.6809024810791016,1.3276450634002686,78.31803369522095,15,-22286.880613766967,gpu16-n16000
carte,16000,16000,multi/diag(t=4),K_identite,diag,8,eval,2.7002408504486084,1.3272461891174316,,,-22273.821634142554,gpu16-n16000
carte,16000,16000,multi/diag(t=4),K_identite,diag,8,fit,2.6957855224609375,1.3274846076965332,78.32707905769348,15,-22273.821634142554,gpu16-n16000
carte,16000,15996,multi/diag(t=6),K_genomique,diag,12,eval,3.717181921005249,1.4280850887298584,,,-24020.05910437527,gpu16-n16000
carte,16000,15996,multi/diag(t=6),K_genomique,diag,12,fit,3.70745587348938,1.428518295288086,68.64332246780396,15,-24020.05910437527,gpu16-n16000
carte,16000,15996,multi/diag(t=6),K_identite,diag,12,eval,3.7956933975219727,1.4309766292572021,,,-24012.771785944115,gpu16-n16000
carte,16000,15996,multi/diag(t=6),K_identite,diag,12,fit,3.8332936763763428,1.4307610988616943,68.69692516326904,15,-24012.771785944115,gpu16-n16000
carte,16000,16000,multi/fa1(t=2),K_genomique,fa,6,eval,2.490842819213867,1.405146837234497,,,-20998.17472300825,gpu16-n16000
carte,16000,16000,multi/fa1(t=2),K_genomique,fa,6,fit,2.4899744987487793,1.4047455787658691,94.14457106590271,27,-20998.17472300825,gpu16-n16000
carte,16000,16000,multi/fa1(t=2),K_identite,fa,6,eval,2.5208218097686768,1.4051074981689453,,,-21003.68850324722,gpu16-n16000
carte,16000,16000,multi/fa1(t=2),K_identite,fa,6,fit,14.262580633163452,1.405306100845337,92.76161599159241,28,-21003.68850324722,gpu16-n16000
carte,16000,16000,multi/fa1(t=4),K_genomique,fa,12,eval,2.73882794380188,1.3939948081970215,,,-22110.97395193957,gpu16-n16000
carte,16000,16000,multi/fa1(t=4),K_genomique,fa,12,fit,2.772052764892578,1.391545295715332,132.3974871635437,35,-22110.97395193957,gpu16-n16000
carte,16000,16000,multi/fa1(t=4),K_identite,fa,12,eval,2.7403109073638916,1.3940131664276123,,,-22116.043593090268,gpu16-n16000
carte,16000,16000,multi/fa1(t=4),K_identite,fa,12,fit,23.585819482803345,1.3929874897003174,131.08238315582275,35,-22116.043593090268,gpu16-n16000
carte,16000,15996,multi/fa1(t=6),K_genomique,fa,18,eval,3.775885820388794,1.4943506717681885,,,-23891.349713200492,gpu16-n16000
carte,16000,15996,multi/fa1(t=6),K_genomique,fa,18,fit,3.790524959564209,1.4934725761413574,182.50893759727478,38,-23891.349713200492,gpu16-n16000
carte,16000,15996,multi/fa1(t=6),K_identite,fa,18,eval,3.971181869506836,1.4958388805389404,,,-23863.371509876262,gpu16-n16000
carte,16000,15996,multi/fa1(t=6),K_identite,fa,18,fit,37.82239603996277,1.4978392124176025,184.10365390777588,40,-23863.371509876262,gpu16-n16000
carte,16000,16000,multi/fa2(t=4),K_genomique,fa,15,eval,2.777350902557373,1.4555003643035889,,,-22108.33561937371,gpu16-n16000
carte,16000,16000,multi/fa2(t=4),K_genomique,fa,15,fit,2.760244846343994,1.4570651054382324,176.32183194160461,47,-22108.33561937371,gpu16-n16000
carte,16000,16000,multi/fa2(t=4),K_identite,fa,15,eval,2.750993490219116,1.4556047916412354,,,-22113.70035256869,gpu16-n16000
carte,16000,16000,multi/fa2(t=4),K_identite,fa,15,fit,30.38023543357849,1.458070993423462,189.66299057006836,52,-22113.70035256869,gpu16-n16000
carte,16000,15996,multi/fa2(t=6),K_genomique,fa,23,eval,3.8407676219940186,1.5578961372375488,,,-23801.78736549965,gpu16-n16000
carte,16000,15996,multi/fa2(t=6),K_genomique,fa,23,fit,3.8666787147521973,1.5572412014007568,299.47633361816406,87,-23801.78736549965,gpu16-n16000
carte,16000,15996,multi/fa2(t=6),K_identite,fa,23,eval,3.9003100395202637,1.557847261428833,,,-23779.929768934388,gpu16-n16000
carte,16000,15996,multi/fa2(t=6),K_identite,fa,23,fit,42.39603233337402,1.5586650371551514,295.0321433544159,86,-23779.929768934388,gpu16-n16000
carte,16000,16000,multi/iid(t=2),K_genomique,iid,3,eval,2.4555540084838867,1.3395097255706787,,,-21024.505327206338,gpu16-n16000
carte,16000,16000,multi/iid(t=2),K_genomique,iid,3,fit,2.4300193786621094,1.3401813507080078,44.21888518333435,8,-21024.505327206338,gpu16-n16000
carte,16000,16000,multi/iid(t=2),K_identite,iid,3,eval,2.4810004234313965,1.3391196727752686,,,-21032.785404691604,gpu16-n16000
carte,16000,16000,multi/iid(t=2),K_identite,iid,3,fit,44.70437145233154,1.3389902114868164,42.86609506607056,8,-21032.785404691604,gpu16-n16000
carte,16000,16000,multi/iid(t=4),K_genomique,iid,5,eval,2.6803090572357178,1.3271379470825195,,,-22330.42992535628,gpu16-n16000
carte,16000,16000,multi/iid(t=4),K_genomique,iid,5,fit,2.6979026794433594,1.3277580738067627,54.434075593948364,9,-22330.42992535628,gpu16-n16000
carte,16000,16000,multi/iid(t=4),K_identite,iid,5,eval,2.6959805488586426,1.3275907039642334,,,-22312.573866746403,gpu16-n16000
carte,16000,16000,multi/iid(t=4),K_identite,iid,5,fit,16.48704743385315,1.3277668952941895,39.82939028739929,9,-22312.573866746403,gpu16-n16000
carte,16000,15996,multi/iid(t=6),K_genomique,iid,7,eval,3.7315759658813477,1.4299564361572266,,,-24121.886732757433,gpu16-n16000
carte,16000,15996,multi/iid(t=6),K_genomique,iid,7,fit,3.8083038330078125,1.4323217868804932,44.372737407684326,8,-24121.886732757433,gpu16-n16000
carte,16000,15996,multi/iid(t=6),K_identite,iid,7,eval,3.7947499752044678,1.4307568073272705,,,-24109.11978472217,gpu16-n16000
carte,16000,15996,multi/iid(t=6),K_identite,iid,7,fit,62.71302938461304,1.4341282844543457,44.48105788230896,8,-24109.11978472217,gpu16-n16000
carte,16000,16000,multi/us(t=2),K_genomique,us,5,eval,2.5209267139434814,1.3390722274780273,,,-20998.17472300825,gpu16-n16000
carte,16000,16000,multi/us(t=2),K_genomique,us,5,fit,2.529035806655884,1.339451551437378,66.9805679321289,18,-20998.17472300825,gpu16-n16000
carte,16000,16000,multi/us(t=2),K_identite,us,5,eval,2.5631983280181885,1.3389394283294678,,,-21003.688503247227,gpu16-n16000
carte,16000,16000,multi/us(t=2),K_identite,us,5,fit,2.71128249168396,1.3390862941741943,61.618874073028564,15,-21003.688503247227,gpu16-n16000
carte,16000,16000,multi/us(t=4),K_genomique,us,14,eval,2.8130671977996826,1.32753586769104,,,-22108.33561937371,gpu16-n16000
carte,16000,16000,multi/us(t=4),K_genomique,us,14,fit,2.8087570667266846,1.3275375366210938,123.47011280059814,24,-22108.33561937371,gpu16-n16000
carte,16000,16000,multi/us(t=4),K_identite,us,14,eval,2.8094587326049805,1.3273873329162598,,,-22113.700352568692,gpu16-n16000
carte,16000,16000,multi/us(t=4),K_identite,us,14,fit,2.9643568992614746,1.3271148204803467,120.78620171546936,24,-22113.700352568692,gpu16-n16000
carte,16000,15996,multi/us(t=6),K_genomique,us,27,eval,3.878147840499878,1.4312734603881836,,,-23767.37090287676,gpu16-n16000
carte,16000,15996,multi/us(t=6),K_genomique,us,27,fit,3.885540723800659,1.4305894374847412,223.68794584274292,34,-23767.37090287676,gpu16-n16000
carte,16000,15996,multi/us(t=6),K_identite,us,27,eval,3.9865739345550537,1.4316401481628418,,,-23747.584203756454,gpu16-n16000
carte,16000,15996,multi/us(t=6),K_identite,us,27,fit,4.121271371841431,1.431751012802124,222.14855194091797,33,-23747.584203756454,gpu16-n16000
carte,16000,15958,spatial/ar1xar1,K_genomique,iid,4,eval,49.074740409851074,1.509993553161621,,,-18385.441785253224,gpu16-n16000
carte,16000,15958,spatial/ar1xar1,K_genomique,iid,4,fit,49.23101544380188,1.511070966720581,62.21448373794556,11,-18385.441785253224,gpu16-n16000
carte,16000,15958,spatial/ar1xar1,K_identite,iid,4,eval,0.900477409362793,1.5204367637634277,,,-18517.948760089355,gpu16-n16000
carte,16000,15958,spatial/ar1xar1,K_identite,iid,4,fit,41.70235466957092,1.5238924026489258,60.93824481964111,11,-18517.948760089355,gpu16-n16000
cpu,2000,2000,ige/us(2),K_genomique,us,4,eval,0.49099016189575195,0.2867586612701416,,,-2406.966790407546,cpu16-n2000
cpu,2000,2000,ige/us(2),K_genomique,us,4,fit,0.2896697521209717,0.2741849422454834,16.04508662223816,15,-2406.966790407546,cpu16-n2000
cpu,2000,2000,ige/us(2),K_identite,us,4,eval,0.2716348171234131,0.22729086875915527,,,-2408.900578947945,cpu16-n2000
cpu,2000,2000,ige/us(2),K_identite,us,4,fit,0.057381391525268555,0.45685291290283203,18.187506914138794,16,-2408.900578947945,cpu16-n2000
cpu,2000,2000,multi/diag(t=2),K_genomique,diag,4,eval,0.5941779613494873,0.24981045722961426,,,-2609.0761514386454,cpu16-n2000
cpu,2000,2000,multi/diag(t=2),K_genomique,diag,4,fit,0.046629905700683594,0.3806173801422119,18.47105312347412,13,-2609.0761514386454,cpu16-n2000
cpu,2000,2000,multi/diag(t=2),K_identite,diag,4,eval,0.27559733390808105,0.2312641143798828,,,-2615.2249660684224,cpu16-n2000
cpu,2000,2000,multi/diag(t=2),K_identite,diag,4,fit,0.14468050003051758,0.21054816246032715,15.653988361358643,11,-2615.2249660684224,cpu16-n2000
cpu,2000,2000,multi/diag(t=4),K_genomique,diag,8,eval,0.04149198532104492,0.35968708992004395,,,-2764.2994522682857,cpu16-n2000
cpu,2000,2000,multi/diag(t=4),K_genomique,diag,8,fit,0.23848724365234375,0.26149487495422363,24.415963649749756,16,-2764.2994522682857,cpu16-n2000
cpu,2000,2000,multi/diag(t=4),K_identite,diag,8,eval,0.0,0.6911194324493408,,,-2761.848187877605,cpu16-n2000
cpu,2000,2000,multi/diag(t=4),K_identite,diag,8,fit,0.0,0.5111362934112549,23.64717721939087,17,-2761.848187877605,cpu16-n2000
cpu,2000,1998,multi/diag(t=6),K_genomique,diag,12,eval,0.0962834358215332,0.48551058769226074,,,-2984.641113365651,cpu16-n2000
cpu,2000,1998,multi/diag(t=6),K_genomique,diag,12,fit,0.4581139087677002,0.2256762981414795,29.35532784461975,16,-2984.641113365651,cpu16-n2000
cpu,2000,1998,multi/diag(t=6),K_identite,diag,12,eval,0.49405860900878906,0.32643961906433105,,,-2985.0428359029074,cpu16-n2000
cpu,2000,1998,multi/diag(t=6),K_identite,diag,12,fit,0.31115198135375977,0.499194860458374,31.853467226028442,15,-2985.0428359029074,cpu16-n2000
cpu,2000,2000,multi/fa1(t=2),K_genomique,fa,6,eval,0.041609764099121094,0.5565609931945801,,,-2607.531077181043,cpu16-n2000
cpu,2000,2000,multi/fa1(t=2),K_genomique,fa,6,fit,0.2611963748931885,0.2575829029083252,23.437537670135498,28,-2607.531077181043,cpu16-n2000
cpu,2000,2000,multi/fa1(t=2),K_identite,fa,6,eval,0.0,0.659060001373291,,,-2612.9631431458747,cpu16-n2000
cpu,2000,2000,multi/fa1(t=2),K_identite,fa,6,fit,0.33913087844848633,0.2244722843170166,27.540125608444214,24,-2612.9631431458747,cpu16-n2000
cpu,2000,2000,multi/fa1(t=4),K_genomique,fa,12,eval,0.12465023994445801,0.3244049549102783,,,-2752.6021509672387,cpu16-n2000
cpu,2000,2000,multi/fa1(t=4),K_genomique,fa,12,fit,0.12146711349487305,0.3983769416809082,37.96996021270752,42,-2752.6021509672387,cpu16-n2000
cpu,2000,2000,multi/fa1(t=4),K_identite,fa,12,eval,0.3582308292388916,0.2778918743133545,,,-2749.4870838212164,cpu16-n2000
cpu,2000,2000,multi/fa1(t=4),K_identite,fa,12,fit,0.16974472999572754,0.36339259147644043,40.74827575683594,43,-2749.4870838212164,cpu16-n2000
cpu,2000,1998,multi/fa1(t=6),K_genomique,fa,18,eval,0.0,3.0261964797973633,,,-2967.720225829693,cpu16-n2000
cpu,2000,1998,multi/fa1(t=6),K_genomique,fa,18,fit,0.2409210205078125,0.31481170654296875,54.60010266304016,44,-2967.720225829693,cpu16-n2000
cpu,2000,1998,multi/fa1(t=6),K_identite,fa,18,eval,0.2708590030670166,0.28468847274780273,,,-2969.8633835351793,cpu16-n2000
cpu,2000,1998,multi/fa1(t=6),K_identite,fa,18,fit,0.3178284168243408,0.2876152992248535,71.58779096603394,42,-2969.8633835351793,cpu16-n2000
cpu,2000,2000,multi/fa2(t=4),K_genomique,fa,15,eval,0.0,0.5522449016571045,,,-2751.8855539951132,cpu16-n2000
cpu,2000,2000,multi/fa2(t=4),K_genomique,fa,15,fit,0.1869797706604004,0.4250032901763916,53.1995747089386,54,-2751.8855539951132,cpu16-n2000
cpu,2000,2000,multi/fa2(t=4),K_identite,fa,15,eval,0.0907278060913086,0.34680747985839844,,,-2748.5412145190357,cpu16-n2000
cpu,2000,2000,multi/fa2(t=4),K_identite,fa,15,fit,0.44641613960266113,0.3457295894622803,57.188145875930786,59,-2748.5412145190357,cpu16-n2000
cpu,2000,1998,multi/fa2(t=6),K_genomique,fa,23,eval,0.13914704322814941,0.3870694637298584,,,-2952.160811822329,cpu16-n2000
cpu,2000,1998,multi/fa2(t=6),K_genomique,fa,23,fit,0.22695112228393555,0.4231092929840088,128.64583611488342,165,-2952.160811822329,cpu16-n2000
cpu,2000,1998,multi/fa2(t=6),K_identite,fa,23,eval,0.2790360450744629,0.25443434715270996,,,-2952.9856619999864,cpu16-n2000
cpu,2000,1998,multi/fa2(t=6),K_identite,fa,23,fit,0.4056284427642822,0.31899476051330566,129.06266283988953,165,-2952.9856619999864,cpu16-n2000
cpu,2000,2000,multi/iid(t=2),K_genomique,iid,3,eval,0.7960188388824463,0.3446063995361328,,,-2615.4739042683836,cpu16-n2000
cpu,2000,2000,multi/iid(t=2),K_genomique,iid,3,fit,0.0,0.7575466632843018,12.326629877090454,9,-2615.4739042683836,cpu16-n2000
cpu,2000,2000,multi/iid(t=2),K_identite,iid,3,eval,0.1380164623260498,0.2609226703643799,,,-2620.322358102949,cpu16-n2000
cpu,2000,2000,multi/iid(t=2),K_identite,iid,3,fit,0.05124378204345703,0.5717184543609619,12.97771167755127,8,-2620.322358102949,cpu16-n2000
cpu,2000,2000,multi/iid(t=4),K_genomique,iid,5,eval,0.18595552444458008,0.30764079093933105,,,-2771.2508498311427,cpu16-n2000
cpu,2000,2000,multi/iid(t=4),K_genomique,iid,5,fit,0.12626051902770996,0.4019594192504883,17.589300632476807,8,-2771.2508498311427,cpu16-n2000
cpu,2000,2000,multi/iid(t=4),K_identite,iid,5,eval,0.40175795555114746,0.3081798553466797,,,-2769.5956729637546,cpu16-n2000
cpu,2000,2000,multi/iid(t=4),K_identite,iid,5,fit,1.5563809871673584,0.35710620880126953,15.0248281955719,8,-2769.5956729637546,cpu16-n2000
cpu,2000,1998,multi/iid(t=6),K_genomique,iid,7,eval,0.24448323249816895,0.28502798080444336,,,-2996.992334693855,cpu16-n2000
cpu,2000,1998,multi/iid(t=6),K_genomique,iid,7,fit,0.8917539119720459,0.42968106269836426,13.369011402130127,9,-2996.992334693855,cpu16-n2000
cpu,2000,1998,multi/iid(t=6),K_identite,iid,7,eval,0.0,0.6331112384796143,,,-2996.577777334042,cpu16-n2000
cpu,2000,1998,multi/iid(t=6),K_identite,iid,7,fit,1.8410606384277344,0.45753979682922363,30.6246440410614,9,-2996.577777334042,cpu16-n2000
cpu,2000,2000,multi/us(t=2),K_genomique,us,5,eval,0.6045866012573242,0.24903178215026855,,,-2607.5310771810473,cpu16-n2000
cpu,2000,2000,multi/us(t=2),K_genomique,us,5,fit,0.07326722145080566,0.3832554817199707,18.007998943328857,17,-2607.5310771810473,cpu16-n2000
cpu,2000,2000,multi/us(t=2),K_identite,us,5,eval,0.08878135681152344,0.31548118591308594,,,-2612.9631431458774,cpu16-n2000
cpu,2000,2000,multi/us(t=2),K_identite,us,5,fit,0.0,0.9681499004364014,20.22046709060669,15,-2612.9631431458774,cpu16-n2000
cpu,2000,2000,multi/us(t=4),K_genomique,us,14,eval,0.11936712265014648,0.3596014976501465,,,-2751.8855539951155,cpu16-n2000
cpu,2000,2000,multi/us(t=4),K_genomique,us,14,fit,0.06020975112915039,0.4514305591583252,31.58047652244568,25,-2751.8855539951155,cpu16-n2000
cpu,2000,2000,multi/us(t=4),K_identite,us,14,eval,0.27224183082580566,0.4204556941986084,,,-2748.5412145190403,cpu16-n2000
cpu,2000,2000,multi/us(t=4),K_identite,us,14,fit,0.3229408264160156,0.22561407089233398,34.85784077644348,24,-2748.5412145190403,cpu16-n2000
cpu,2000,1998,multi/us(t=6),K_genomique,us,27,eval,0.33167314529418945,0.340181827545166,,,-2945.4516503457758,cpu16-n2000
cpu,2000,1998,multi/us(t=6),K_genomique,us,27,fit,0.18447256088256836,0.3818800449371338,64.83063912391663,33,-2945.4516503457758,cpu16-n2000
cpu,2000,1998,multi/us(t=6),K_identite,us,27,eval,0.08399033546447754,0.5484306812286377,,,-2946.668131345944,cpu16-n2000
cpu,2000,1998,multi/us(t=6),K_identite,us,27,fit,0.7838068008422852,0.3562357425689697,70.68665480613708,34,-2946.668131345944,cpu16-n2000
cpu,2000,1960,spatial/ar1xar1,K_genomique,iid,4,eval,0.14744806289672852,0.38131237030029297,,,-2282.4104494754442,cpu16-n2000
cpu,2000,1960,spatial/ar1xar1,K_genomique,iid,4,fit,1.2980730533599854,0.25916385650634766,9.606532573699951,11,-2282.4104494754442,cpu16-n2000
cpu,2000,1960,spatial/ar1xar1,K_identite,iid,4,eval,0.16176319122314453,0.29753899574279785,,,-2284.1479970866985,cpu16-n2000
cpu,2000,1960,spatial/ar1xar1,K_identite,iid,4,fit,0.48333215713500977,1.0108976364135742,18.113797664642334,11,-2284.1479970866985,cpu16-n2000
cpu,4000,4000,ige/us(2),K_genomique,us,4,eval,0.0,7.010439157485962,,,-4769.715758807311,cpu16-n4000
cpu,4000,4000,ige/us(2),K_genomique,us,4,fit,0.0,5.393015146255493,111.73173928260803,16,-4769.715758807311,cpu16-n4000
cpu,4000,4000,ige/us(2),K_identite,us,4,eval,0.0,4.739643335342407,,,-4779.593043869688,cpu16-n4000
cpu,4000,4000,ige/us(2),K_identite,us,4,fit,0.0541226863861084,1.1859855651855469,79.67618656158447,16,-4779.593043869688,cpu16-n4000
cpu,4000,4000,multi/diag(t=2),K_genomique,diag,4,eval,0.0,1.8815665245056152,,,-5212.87163137008,cpu16-n4000
cpu,4000,4000,multi/diag(t=2),K_genomique,diag,4,fit,0.0,6.99143385887146,62.975687980651855,12,-5212.87163137008,cpu16-n4000
cpu,4000,4000,multi/diag(t=2),K_identite,diag,4,eval,0.0,6.28548002243042,,,-5217.036187055502,cpu16-n4000
cpu,4000,4000,multi/diag(t=2),K_identite,diag,4,fit,0.3744778633117676,0.7423381805419922,35.142359018325806,13,-5217.036187055502,cpu16-n4000
cpu,4000,4000,multi/diag(t=4),K_genomique,diag,8,eval,3.595548152923584,0.9651393890380859,,,-5565.1566006145495,cpu16-n4000
cpu,4000,4000,multi/diag(t=4),K_genomique,diag,8,fit,0.3705885410308838,1.2292051315307617,149.27193093299866,18,-5565.1566006145495,cpu16-n4000
cpu,4000,4000,multi/diag(t=4),K_identite,diag,8,eval,0.741096019744873,0.8677210807800293,,,-5569.869995562252,cpu16-n4000
cpu,4000,4000,multi/diag(t=4),K_identite,diag,8,fit,0.49625539779663086,1.2638750076293945,54.31036710739136,19,-5569.869995562252,cpu16-n4000
cpu,4000,3996,multi/diag(t=6),K_genomique,diag,12,eval,0.0,2.037376880645752,,,-5956.9369013194955,cpu16-n4000
cpu,4000,3996,multi/diag(t=6),K_genomique,diag,12,fit,0.7656612396240234,1.0386760234832764,191.6786024570465,17,-5956.9369013194955,cpu16-n4000
cpu,4000,3996,multi/diag(t=6),K_identite,diag,12,eval,0.6739959716796875,1.0851686000823975,,,-5965.959244816224,cpu16-n4000
cpu,4000,3996,multi/diag(t=6),K_identite,diag,12,fit,0.8791382312774658,1.5628418922424316,140.40252780914307,16,-5965.959244816224,cpu16-n4000
cpu,4000,4000,multi/fa1(t=2),K_genomique,fa,6,eval,0.5019979476928711,0.7701013088226318,,,-5212.467559602068,cpu16-n4000
cpu,4000,4000,multi/fa1(t=2),K_genomique,fa,6,fit,0.12493729591369629,1.207545280456543,93.4793426990509,26,-5212.467559602068,cpu16-n4000
cpu,4000,4000,multi/fa1(t=2),K_identite,fa,6,eval,0.5799539089202881,0.9453022480010986,,,-5216.833242946061,cpu16-n4000
cpu,4000,4000,multi/fa1(t=2),K_identite,fa,6,fit,4.497272491455078,4.11165452003479,62.54502201080322,29,-5216.833242946061,cpu16-n4000
cpu,4000,4000,multi/fa1(t=4),K_genomique,fa,12,eval,0.0,7.6911749839782715,,,-5544.680284772504,cpu16-n4000
cpu,4000,4000,multi/fa1(t=4),K_genomique,fa,12,fit,0.4973561763763428,0.9459233283996582,227.5045621395111,38,-5544.680284772504,cpu16-n4000
cpu,4000,4000,multi/fa1(t=4),K_identite,fa,12,eval,2.1421055793762207,1.1565766334533691,,,-5544.2817819742595,cpu16-n4000
cpu,4000,4000,multi/fa1(t=4),K_identite,fa,12,fit,0.9731109142303467,0.834836483001709,240.9373619556427,38,-5544.2817819742595,cpu16-n4000
cpu,4000,3996,multi/fa1(t=6),K_genomique,fa,18,eval,0.7580552101135254,2.4612045288085938,,,-5925.307380568009,cpu16-n4000
cpu,4000,3996,multi/fa1(t=6),K_genomique,fa,18,fit,0.5913257598876953,1.3200664520263672,325.6347246170044,90,-5925.307380568009,cpu16-n4000
cpu,4000,3996,multi/fa1(t=6),K_identite,fa,18,eval,0.6702368259429932,1.4952924251556396,,,-5938.506884977023,cpu16-n4000
cpu,4000,3996,multi/fa1(t=6),K_identite,fa,18,fit,0.5438957214355469,0.9317464828491211,238.05083179473877,46,-5938.506884977023,cpu16-n4000
cpu,4000,4000,multi/fa2(t=4),K_genomique,fa,15,eval,0.0,5.005934953689575,,,-5542.839265022552,cpu16-n4000
cpu,4000,4000,multi/fa2(t=4),K_genomique,fa,15,fit,0.4180150032043457,1.4821372032165527,305.47999906539917,55,-5542.839265022552,cpu16-n4000
cpu,4000,4000,multi/fa2(t=4),K_identite,fa,15,eval,1.2181377410888672,1.899622917175293,,,-5543.109934018306,cpu16-n4000
cpu,4000,4000,multi/fa2(t=4),K_identite,fa,15,fit,0.0,6.732659339904785,511.17249369621277,51,-5543.109934018306,cpu16-n4000
cpu,4000,3996,multi/fa2(t=6),K_genomique,fa,23,eval,4.338060617446899,0.9106171131134033,,,-5899.149282654316,cpu16-n4000
cpu,4000,3996,multi/fa2(t=6),K_genomique,fa,23,fit,2.160550117492676,1.1604914665222168,501.1005218029022,104,-5899.149282654316,cpu16-n4000
cpu,4000,3996,multi/fa2(t=6),K_identite,fa,23,eval,0.0,5.80200719833374,,,-5903.46874881733,cpu16-n4000
cpu,4000,3996,multi/fa2(t=6),K_identite,fa,23,fit,1.2915818691253662,0.9476683139801025,553.3860268592834,211,-5903.46874881733,cpu16-n4000
cpu,4000,4000,multi/iid(t=2),K_genomique,iid,3,eval,0.5171146392822266,0.770395040512085,,,-5222.495065174309,cpu16-n4000
cpu,4000,4000,multi/iid(t=2),K_genomique,iid,3,fit,0.04246950149536133,1.0239274501800537,57.764368772506714,9,-5222.495065174309,cpu16-n4000
cpu,4000,4000,multi/iid(t=2),K_identite,iid,3,eval,0.03670382499694824,1.0446436405181885,,,-5228.562541727786,cpu16-n4000
cpu,4000,4000,multi/iid(t=2),K_identite,iid,3,fit,0.3270740509033203,0.7264771461486816,55.80205464363098,8,-5228.562541727786,cpu16-n4000
cpu,4000,4000,multi/iid(t=4),K_genomique,iid,5,eval,0.5186502933502197,1.080479621887207,,,-5578.425092179848,cpu16-n4000
cpu,4000,4000,multi/iid(t=4),K_genomique,iid,5,fit,0.9405314922332764,0.7421159744262695,60.186848878860474,8,-5578.425092179848,cpu16-n4000
cpu,4000,4000,multi/iid(t=4),K_identite,iid,5,eval,0.5587728023529053,1.1716365814208984,,,-5585.567946721809,cpu16-n4000
cpu,4000,4000,multi/iid(t=4),K_identite,iid,5,fit,0.0,2.4725842475891113,47.65523648262024,8,-5585.567946721809,cpu16-n4000
cpu,4000,3996,multi/iid(t=6),K_genomique,iid,7,eval,0.869053840637207,1.0692048072814941,,,-5982.744508304865,cpu16-n4000
cpu,4000,3996,multi/iid(t=6),K_genomique,iid,7,fit,0.0,2.829192638397217,59.60249471664429,9,-5982.744508304865,cpu16-n4000
cpu,4000,3996,multi/iid(t=6),K_identite,iid,7,eval,2.715416669845581,2.634889602661133,,,-5990.054821296962,cpu16-n4000
cpu,4000,3996,multi/iid(t=6),K_identite,iid,7,fit,2.534036874771118,0.8139321804046631,120.26659822463989,9,-5990.054821296962,cpu16-n4000
cpu,4000,4000,multi/us(t=2),K_genomique,us,5,eval,0.0,1.3263766765594482,,,-5212.467559602067,cpu16-n4000
cpu,4000,4000,multi/us(t=2),K_genomique,us,5,fit,0.5488920211791992,1.0017333030700684,76.07467794418335,16,-5212.467559602067,cpu16-n4000
cpu,4000,4000,multi/us(t=2),K_identite,us,5,eval,0.276947021484375,0.753619909286499,,,-5216.833242946073,cpu16-n4000
cpu,4000,4000,multi/us(t=2),K_identite,us,5,fit,1.2090458869934082,0.7011406421661377,56.41460824012756,16,-5216.833242946073,cpu16-n4000
cpu,4000,4000,multi/us(t=4),K_genomique,us,14,eval,0.0,1.840611219406128,,,-5542.839265022536,cpu16-n4000
cpu,4000,4000,multi/us(t=4),K_genomique,us,14,fit,3.6199285984039307,0.9250938892364502,219.50291681289673,23,-5542.839265022536,cpu16-n4000
cpu,4000,4000,multi/us(t=4),K_identite,us,14,eval,0.0,2.5782883167266846,,,-5543.109934018292,cpu16-n4000
cpu,4000,4000,multi/us(t=4),K_identite,us,14,fit,0.0,3.275973081588745,216.65609049797058,23,-5543.109934018292,cpu16-n4000
cpu,4000,3996,multi/us(t=6),K_genomique,us,27,eval,0.48116636276245117,1.1552209854125977,,,-5874.39482007072,cpu16-n4000
cpu,4000,3996,multi/us(t=6),K_genomique,us,27,fit,0.0,7.087924957275391,373.80338168144226,33,-5874.39482007072,cpu16-n4000
cpu,4000,3996,multi/us(t=6),K_identite,us,27,eval,1.0571718215942383,0.9213788509368896,,,-5880.130056898224,cpu16-n4000
cpu,4000,3996,multi/us(t=6),K_identite,us,27,fit,0.0,5.787553310394287,350.04237818717957,34,-5880.130056898224,cpu16-n4000
cpu,4000,3950,spatial/ar1xar1,K_genomique,iid,4,eval,0.0,6.293224096298218,,,-4591.931489903775,cpu16-n4000
cpu,4000,3950,spatial/ar1xar1,K_genomique,iid,4,fit,7.581508636474609,0.842628002166748,138.2471113204956,11,-4591.931489903775,cpu16-n4000
cpu,4000,3950,spatial/ar1xar1,K_identite,iid,4,eval,4.6449689865112305,0.7450177669525146,,,-4600.052078514126,cpu16-n4000
cpu,4000,3950,spatial/ar1xar1,K_identite,iid,4,fit,0.0,1.7003061771392822,50.35659098625183,11,-4600.052078514126,cpu16-n4000
