backend,device,device_kind,tag,jax,numpy,python,machine,n_cpu,xla_flags,omp,utc,suite,case,n,q,n_par,status,fit_s_median,fit_s_min,fit_s_max,logLik,newton_decrement,rss_mb,gpu_mb,first_call_s,run_call_s,compile_s,compile_share,neg2logl,n_traits,n_iter,error
gpu,cuda:0,NVIDIA A100 80GB PCIe MIG 1g.10gb,a100-mig-1g.10gb,0.11.1,2.5.2,3.12.3,x86_64,64,,1,2026-09-01T11:49:19Z,scaling,iid,250,50,2,ok,0.3211837359704077,0.3028183584101498,3.557881820946932,-335.8086406971121,nan,1009.78515625,107.338496,,,,,,,,
gpu,cuda:0,NVIDIA A100 80GB PCIe MIG 1g.10gb,a100-mig-1g.10gb,0.11.1,2.5.2,3.12.3,x86_64,64,,1,2026-09-01T11:49:19Z,scaling,iid,500,100,2,ok,0.35455599380657077,0.34664471121504903,3.7506215730682015,-707.8599180985384,nan,1034.734375,109.270528,,,,,,,,
gpu,cuda:0,NVIDIA A100 80GB PCIe MIG 1g.10gb,a100-mig-1g.10gb,0.11.1,2.5.2,3.12.3,x86_64,64,,1,2026-09-01T11:49:19Z,scaling,iid,1000,200,2,ok,0.39799772296100855,0.3957799240015447,3.8142756186425686,-1457.6754242263432,nan,1088.14453125,150.352896,,,,,,,,
gpu,cuda:0,NVIDIA A100 80GB PCIe MIG 1g.10gb,a100-mig-1g.10gb,0.11.1,2.5.2,3.12.3,x86_64,64,,1,2026-09-01T11:49:19Z,scaling,iid,2000,400,2,ok,1.2601491920650005,1.2293813307769597,4.953451391775161,-2828.8176437760726,nan,1239.05859375,274.888704,,,,,,,,
gpu,cuda:0,NVIDIA A100 80GB PCIe MIG 1g.10gb,a100-mig-1g.10gb,0.11.1,2.5.2,3.12.3,x86_64,64,,1,2026-09-01T11:49:19Z,scaling,iid,3000,600,2,ok,2.3137351479381323,2.3071945309638977,7.566788134165108,-4212.097504629823,nan,1563.4375,489.1136,,,,,,,,
gpu,cuda:0,NVIDIA A100 80GB PCIe MIG 1g.10gb,a100-mig-1g.10gb,0.11.1,2.5.2,3.12.3,x86_64,64,,1,2026-09-01T11:49:19Z,scaling,iid,4000,800,2,ok,6.38970269728452,4.565370437223464,14.763879185076803,-5577.218013357656,nan,1790.7734375,759.384576,,,,,,,,
gpu,cuda:0,NVIDIA A100 80GB PCIe MIG 1g.10gb,a100-mig-1g.10gb,0.11.1,2.5.2,3.12.3,x86_64,64,,1,2026-09-01T11:49:19Z,scaling,iid,6000,1200,2,ok,43.7662238269113,43.7662238269113,43.7662238269113,-8420.514305938304,nan,2652.91015625,1727.296,,,,,,,,
gpu,cuda:0,NVIDIA A100 80GB PCIe MIG 1g.10gb,a100-mig-1g.10gb,0.11.1,2.5.2,3.12.3,x86_64,64,,1,2026-09-01T11:49:19Z,scaling,iid,8000,1600,2,ok,94.19486608123407,94.19486608123407,94.19486608123407,-11176.74611815509,nan,3158.84375,2737.529344,,,,,,,,
gpu,cuda:0,NVIDIA A100 80GB PCIe MIG 1g.10gb,a100-mig-1g.10gb,0.11.1,2.5.2,3.12.3,x86_64,64,,1,2026-09-01T11:49:19Z,scaling,iid,12000,2400,2,ok,294.7539016683586,294.7539016683586,294.7539016683586,-16717.29833216757,nan,4486.70703125,5991.172608,,,,,,,,
gpu,cuda:0,NVIDIA A100 80GB PCIe MIG 1g.10gb,a100-mig-1g.10gb,0.11.1,2.5.2,3.12.3,x86_64,64,,1,2026-09-01T11:49:19Z,compile,iid,250,,,ok,,,,,,4486.70703125,5991.172608,0.27535166684538126,0.0011911522597074509,0.2741605145856738,0.9956740691881254,716.8326938761804,,,
gpu,cuda:0,NVIDIA A100 80GB PCIe MIG 1g.10gb,a100-mig-1g.10gb,0.11.1,2.5.2,3.12.3,x86_64,64,,1,2026-09-01T11:49:19Z,compile,iid,500,,,ok,,,,,,4486.70703125,5991.172608,0.30386444088071585,0.0024770298041403294,0.3013874110765755,0.9918482406267711,1420.5738794353094,,,
gpu,cuda:0,NVIDIA A100 80GB PCIe MIG 1g.10gb,a100-mig-1g.10gb,0.11.1,2.5.2,3.12.3,x86_64,64,,1,2026-09-01T11:49:19Z,compile,iid,1000,,,ok,,,,,,4486.70703125,5991.172608,0.23471456672996283,0.008013681974261999,0.22670088475570083,0.9658577561422437,2828.418836407918,,,
gpu,cuda:0,NVIDIA A100 80GB PCIe MIG 1g.10gb,a100-mig-1g.10gb,0.11.1,2.5.2,3.12.3,x86_64,64,,1,2026-09-01T11:49:19Z,compile,iid,2000,,,ok,,,,,,4486.70703125,5991.172608,0.2861225912347436,0.03832821175456047,0.24779437948018312,0.8660426931366813,5687.287658798606,,,
gpu,cuda:0,NVIDIA A100 80GB PCIe MIG 1g.10gb,a100-mig-1g.10gb,0.11.1,2.5.2,3.12.3,x86_64,64,,1,2026-09-01T11:49:19Z,compile,iid,3000,,,ok,,,,,,4486.70703125,5991.172608,0.37722701812162995,0.09879902796819806,0.2784279901534319,0.7380913263844158,8447.37394859062,,,
gpu,cuda:0,NVIDIA A100 80GB PCIe MIG 1g.10gb,a100-mig-1g.10gb,0.11.1,2.5.2,3.12.3,x86_64,64,,1,2026-09-01T11:49:19Z,compile,iid,4000,,,ok,,,,,,4486.70703125,5991.172608,0.5806980202905834,0.2055163700133562,0.37518165027722716,0.6460873589503283,11383.952823018695,,,
gpu,cuda:0,NVIDIA A100 80GB PCIe MIG 1g.10gb,a100-mig-1g.10gb,0.11.1,2.5.2,3.12.3,x86_64,64,,1,2026-09-01T11:49:19Z,compile,iid,6000,,,ok,,,,,,4486.70703125,5991.172608,1.1796804568730295,0.5876934006810188,0.5919870561920106,0.5018198383663882,17098.276744131388,,,
gpu,cuda:0,NVIDIA A100 80GB PCIe MIG 1g.10gb,a100-mig-1g.10gb,0.11.1,2.5.2,3.12.3,x86_64,64,,1,2026-09-01T11:49:19Z,compile,iid,8000,,,ok,,,,,,4486.70703125,5991.172608,2.178437987808138,1.266399489250034,0.912038498558104,0.41866626622489383,22620.855310309285,,,
gpu,cuda:0,NVIDIA A100 80GB PCIe MIG 1g.10gb,a100-mig-1g.10gb,0.11.1,2.5.2,3.12.3,x86_64,64,,1,2026-09-01T11:49:19Z,compile,iid,12000,,,ok,,,,,,4560.1484375,5991.172608,5.512236173730344,3.9006300549954176,1.611606118734926,0.2923688441390365,34037.23837154005,,,
gpu,cuda:0,NVIDIA A100 80GB PCIe MIG 1g.10gb,a100-mig-1g.10gb,0.11.1,2.5.2,3.12.3,x86_64,64,,1,2026-09-01T11:49:19Z,params,us(t=1),600,,2,ok,0.4493259680457413,0.4357644817791879,4.092716984916478,-798.2031414233984,,4560.1484375,5991.172608,,,,,,1,7,
gpu,cuda:0,NVIDIA A100 80GB PCIe MIG 1g.10gb,a100-mig-1g.10gb,0.11.1,2.5.2,3.12.3,x86_64,64,,1,2026-09-01T11:49:19Z,params,us(t=2),1200,,5,ok,1.1979937278665602,1.0462610628455877,5.908409669063985,-1581.594835143093,,4560.1484375,5991.172608,,,,,,2,11,
gpu,cuda:0,NVIDIA A100 80GB PCIe MIG 1g.10gb,a100-mig-1g.10gb,0.11.1,2.5.2,3.12.3,x86_64,64,,1,2026-09-01T11:49:19Z,params,us(t=3),1800,,9,ok,3.343497831840068,3.315176193136722,8.538654884323478,-2372.8625618138713,,4560.1484375,5991.172608,,,,,,3,22,
gpu,cuda:0,NVIDIA A100 80GB PCIe MIG 1g.10gb,a100-mig-1g.10gb,0.11.1,2.5.2,3.12.3,x86_64,64,,1,2026-09-01T11:49:19Z,params,fa(t=3),1800,,11,ok,4.831173550803214,4.825487110298127,8.081891593057662,-2372.8625618138713,,4560.1484375,5991.172608,,,,,,3,45,
gpu,cuda:0,NVIDIA A100 80GB PCIe MIG 1g.10gb,a100-mig-1g.10gb,0.11.1,2.5.2,3.12.3,x86_64,64,,1,2026-09-01T11:49:19Z,params,us(t=4),2400,,14,ok,8.25949573609978,8.25560859683901,15.427805263083428,-3196.116857585183,,4560.1484375,5991.172608,,,,,,4,24,
gpu,cuda:0,NVIDIA A100 80GB PCIe MIG 1g.10gb,a100-mig-1g.10gb,0.11.1,2.5.2,3.12.3,x86_64,64,,1,2026-09-01T11:49:19Z,params,fa(t=4),2400,,15,ok,12.055520869791508,12.050498732831329,15.587031585164368,-3196.116857585183,,4560.1484375,5991.172608,,,,,,4,69,
gpu,cuda:0,NVIDIA A100 80GB PCIe MIG 1g.10gb,a100-mig-1g.10gb,0.11.1,2.5.2,3.12.3,x86_64,64,,1,2026-09-01T11:49:19Z,params,us(t=5),3000,,20,ok,22.197201318107545,17.466848659794778,26.13083377527073,-3984.910389601507,,4560.1484375,5991.172608,,,,,,5,24,
gpu,cuda:0,NVIDIA A100 80GB PCIe MIG 1g.10gb,a100-mig-1g.10gb,0.11.1,2.5.2,3.12.3,x86_64,64,,1,2026-09-01T11:49:19Z,params,fa(t=5),3000,,19,ok,32.884548095054924,29.079050899017602,33.261379218194634,-3985.5264724360127,,4560.1484375,5991.172608,,,,,,5,123,
gpu,cuda:0,NVIDIA A100 80GB PCIe MIG 1g.10gb,a100-mig-1g.10gb,0.11.1,2.5.2,3.12.3,x86_64,64,,1,2026-09-01T11:49:19Z,params,us(t=6),3600,,27,ok,42.464341399259865,33.79501498490572,42.58342116093263,-4826.650806637507,,4560.1484375,5991.172608,,,,,,6,24,
gpu,cuda:0,NVIDIA A100 80GB PCIe MIG 1g.10gb,a100-mig-1g.10gb,0.11.1,2.5.2,3.12.3,x86_64,64,,1,2026-09-01T11:49:19Z,params,fa(t=6),3600,,23,ok,87.17149809515104,84.92055350309238,126.48056301567703,-4827.593443941198,,4560.1484375,5991.172608,,,,,,6,254,
gpu,cuda:0,NVIDIA A100 80GB PCIe MIG 1g.10gb,a100-mig-1g.10gb,0.11.1,2.5.2,3.12.3,x86_64,64,,1,2026-09-01T11:49:19Z,params,us(t=8),4800,,44,ok,101.65580603387207,101.63881898578256,119.04710374586284,-6422.175343230462,,5135.125,5991.172608,,,,,,8,26,
gpu,cuda:0,NVIDIA A100 80GB PCIe MIG 1g.10gb,a100-mig-1g.10gb,0.11.1,2.5.2,3.12.3,x86_64,64,,1,2026-09-01T11:49:19Z,params,fa(t=8),4800,,31,ok,172.51106013776734,161.00402470305562,183.38078412786126,-6426.479110172944,,5256.8671875,5991.172608,,,,,,8,258,
gpu,cuda:0,NVIDIA A100 80GB PCIe MIG 1g.10gb,a100-mig-1g.10gb,0.11.1,2.5.2,3.12.3,x86_64,64,,1,2026-09-01T11:49:19Z,structures,iid,1200,,2,ok,1.3363931947387755,,,-1684.6708843866538,,5256.8671875,5991.172608,1.6676392029039562,0.011209948919713497,1.6564292539842427,,,,,
gpu,cuda:0,NVIDIA A100 80GB PCIe MIG 1g.10gb,a100-mig-1g.10gb,0.11.1,2.5.2,3.12.3,x86_64,64,,1,2026-09-01T11:49:19Z,structures,us(3),1200,,9,ok,1.5522740371525288,,,-1583.7478027887319,,5256.8671875,5991.172608,1.0505170789547265,0.011327677872031927,1.0391894010826945,,,,,
gpu,cuda:0,NVIDIA A100 80GB PCIe MIG 1g.10gb,a100-mig-1g.10gb,0.11.1,2.5.2,3.12.3,x86_64,64,,1,2026-09-01T11:49:19Z,structures,"fa(4,2)",1200,,15,ok,4.666894067078829,,,-1576.3140528031613,,5256.8671875,5991.172608,2.1820394909009337,0.01148929726332426,2.1705501936376095,,,,,
gpu,cuda:0,NVIDIA A100 80GB PCIe MIG 1g.10gb,a100-mig-1g.10gb,0.11.1,2.5.2,3.12.3,x86_64,64,,1,2026-09-01T11:49:19Z,structures,ar1,1200,,3,ok,2.2971793082542717,,,-1735.6313168785703,,5256.8671875,5991.172608,3.0290581360459328,0.018802099395543337,3.0102560366503894,,,,,
gpu,cuda:0,NVIDIA A100 80GB PCIe MIG 1g.10gb,a100-mig-1g.10gb,0.11.1,2.5.2,3.12.3,x86_64,64,,1,2026-09-01T11:49:19Z,structures,ar1ar1,1200,,4,ok,2.4182910351082683,,,-1734.971192406221,,5256.8671875,5991.172608,0.7370608118362725,0.017909822054207325,0.7191509897820652,,,,,
gpu,cuda:0,NVIDIA A100 80GB PCIe MIG 1g.10gb,a100-mig-1g.10gb,0.11.1,2.5.2,3.12.3,x86_64,64,,1,2026-09-01T11:49:19Z,structures,iexp,1200,,3,ok,1.5622535906732082,,,-1736.4254758524198,,5256.8671875,5991.172608,4.480192847084254,0.025230567902326584,4.454962279181927,,,,,
gpu,cuda:0,NVIDIA A100 80GB PCIe MIG 1g.10gb,a100-mig-1g.10gb,0.11.1,2.5.2,3.12.3,x86_64,64,,1,2026-09-01T11:49:19Z,structures,igau,1200,,3,ok,0.949989341199398,,,-1736.4254758524198,,5256.8671875,5991.172608,0.9035092378035188,0.025035795755684376,0.8784734420478344,,,,,
gpu,cuda:0,NVIDIA A100 80GB PCIe MIG 1g.10gb,a100-mig-1g.10gb,0.11.1,2.5.2,3.12.3,x86_64,64,,1,2026-09-01T11:49:19Z,structures,sph,1200,,3,ok,7.224634665064514,,,-1736.4254758716395,,5256.8671875,5991.172608,0.694638785906136,0.025047678034752607,0.6695911078713834,,,,,
gpu,cuda:0,NVIDIA A100 80GB PCIe MIG 1g.10gb,a100-mig-1g.10gb,0.11.1,2.5.2,3.12.3,x86_64,64,,1,2026-09-01T11:49:19Z,structures,mtrn,1200,,-1,failed,nan,,,nan,,5256.8671875,5991.172608,nan,nan,nan,,,,,JaxRuntimeError: RESOURCE_EXHAUSTED: Out of memory while trying to allocate 6.53GiB with allocator GPU_0_bfc on device 0. [executable_name='jit_f'] [tf-allocator-allocation-error='']
gpu,cuda:0,NVIDIA A100 80GB PCIe MIG 1g.10gb,a100-mig-1g.10gb,0.11.1,2.5.2,3.12.3,x86_64,64,,1,2026-09-01T11:49:19Z,structures,mtrn_aniso,1200,,-1,failed,nan,,,nan,,5256.8671875,5991.172608,nan,nan,nan,,,,,JaxRuntimeError: RESOURCE_EXHAUSTED: Out of memory while trying to allocate 6.54GiB with allocator GPU_0_bfc on device 0. [tf-allocator-allocation-error=''] [executable_name='jit_f']
