"date","tag","backend","case","n","n_par","software","version","status","wall_s","solver_s","compile_s","n_eval","s_per_eval","converged","logLik","components","error"
"2026-09-28","a100_n500_2000","gpu","iid",500,2,"remlax","f576638+wt/jax0.11.1","ok",11.152,0.063,2.795,24,0.0026,TRUE,"-370.943512","1.53763;0.969499",""
"2026-09-28","a100_n500_2000","gpu","grm",500,2,"remlax","f576638+wt/jax0.11.1","ok",8.186,0.15,2.798,67,0.0022,TRUE,"-352.830777","1.45996;0.951033",""
"2026-09-28","a100_n500_2000","gpu","us3",498,12,"remlax","f576638+wt/jax0.11.1","ok",8.569,0.206,3.219,89,0.0023,TRUE,"-449.715263","0.656314;0.236682;-0.381924;1.45439;-0.413887;0.794184;1.99331;0.395623;-0.533434;0.938038;-0.522232;2.19395",""
"2026-09-28","a100_n500_2000","gpu","us6",498,42,"remlax","f576638+wt/jax0.11.1","ok",8.919,0.74,3.061,330,0.0022,TRUE,"-424.600273","0.845384;-0.221162;-0.189922;0.0199334;-0.341622;0.607915;1.48425;-0.250724;0.544795;-0.577137;-0.176481;0.952975;0.146133;-0.0446686;0.314148;2.17776;-0.882502;0.00354255;1.86096;-0.372901;2.1376;1.31257;0.265063;-0.114387;-0.604144;1.08341;-0.529481;0.638783;-0.163637;-0.492277;0.0526246;-0.0525933;1.31063;0.0433278;0.180947;0.0887668;1.52035;-0.263656;-0.0801617;2.57341;-0.387128;0.875677",""
"2026-09-28","a100_n500_2000","gpu","ar1ar1",500,4,"remlax","f576638+wt/jax0.11.1","ok",7.779,0.098,2.492,39,0.0025,TRUE,"-320.171305","0.909148;1.06383;0.387893;0.290061",""
"2026-09-28","a100_n500_2000","gpu","iid",2000,2,"remlax","f576638+wt/jax0.11.1","ok",7.628,0.41,2.739,24,0.0171,TRUE,"-1464.374797","1.43404;0.977353",""
"2026-09-28","a100_n500_2000","gpu","grm",2000,2,"remlax","f576638+wt/jax0.11.1","ok",13.331,0.744,7.235,44,0.0169,TRUE,"-1424.845760","1.35036;1.0028",""
"2026-09-28","a100_n500_2000","gpu","us3",1998,12,"remlax","f576638+wt/jax0.11.1","ok",10.13,1.36,3.516,89,0.0153,TRUE,"-1816.965187","0.815205;0.303956;-0.587177;0.881928;0.0448788;1.94973;2.72496;-0.581288;-0.242548;1.26487;0.221544;0.805621",""
"2026-09-28","a100_n500_2000","gpu","us6",1998,42,"remlax","f576638+wt/jax0.11.1","ok",12.969,4.402,3.385,329,0.0134,TRUE,"-1800.628675","0.612233;-0.180212;0.0456607;0.358815;-0.281622;-0.0474071;1.98793;-0.323553;0.506972;0.613027;-0.0251473;1.06588;-0.757531;-0.363493;0.195155;2.68424;0.458805;-0.658268;1.32059;-0.520421;0.928124;2.59515;-0.043404;-0.178287;-1.45166;-0.347704;0.37473;1.22005;-0.222897;-0.478814;-0.52336;-0.351934;0.697832;0.210644;0.313694;-0.00917181;2.62751;0.449032;0.067472;1.32628;0.048449;1.29391",""
"2026-09-28","a100_n500_2000","gpu","ar1ar1",2000,4,"remlax","f576638+wt/jax0.11.1","ok",8.307,0.645,2.466,40,0.0161,TRUE,"-1314.742565","0.870811;1.29036;0.492924;0.352058",""
