"date","tag","backend","case","n","n_par","software","version","status","wall_s","startup_s","compile_s","solver_s","n_iter","n_eval","s_per_iter","s_per_eval","eval_s","converged","logLik","components","error"
"2026-09-28","a100","gpu","iid",500,2,"remlax","9a51c79/jax0.11.1","ok",11.091,8.201,2.826,0.064,7,25,0.0091,0.0026,0.0023,TRUE,"-370.943512","1.53763;0.969499",""
"2026-09-28","a100","gpu","grm",500,2,"remlax","9a51c79/jax0.11.1","ok",8.295,5.414,2.789,0.092,9,38,0.0102,0.0024,0.0023,TRUE,"-352.830777","1.45996;0.951033",""
"2026-09-28","a100","gpu","ar1ar1",500,4,"remlax","9a51c79/jax0.11.1","ok",7.669,5.132,2.438,0.099,9,41,0.011,0.0024,0.0021,TRUE,"-320.171305","0.909148;1.06383;0.387893;0.290061",""
"2026-09-28","a100","gpu","us3",498,12,"remlax","9a51c79/jax0.11.1","ok",8.57,5.117,3.247,0.207,28,90,0.0074,0.0023,0.0022,TRUE,"-449.715263","0.656314;0.236682;-0.381924;1.45439;-0.413887;0.794184;1.99331;0.395623;-0.533434;0.938038;-0.522232;2.19395",""
"2026-09-28","a100","gpu","us6",498,42,"remlax","9a51c79/jax0.11.1","ok",8.855,5.013,3.114,0.728,57,332,0.0128,0.0022,0.0022,TRUE,"-424.600273","0.845384;-0.221162;-0.189922;0.0199334;-0.341622;0.607915;1.48425;-0.250724;0.544795;-0.577137;-0.176481;0.952975;0.146133;-0.0446686;0.314148;2.17776;-0.882502;0.00354255;1.86096;-0.372901;2.1376;1.31257;0.265063;-0.114387;-0.604144;1.08341;-0.529481;0.638783;-0.163637;-0.492277;0.0526246;-0.0525933;1.31063;0.0433278;0.180947;0.0887668;1.52035;-0.263656;-0.0801617;2.57341;-0.387128;0.875677",""
"2026-09-28","a100","gpu","us9",495,90,"remlax","9a51c79/jax0.11.1","ok",11.719,5.161,3.5,3.059,329,1443,0.0093,0.0021,0.0022,TRUE,"-383.265071","0.740264;-0.127911;0.237972;-0.161227;-0.427853;0.0394703;0.385403;0.0274208;0.120025;1.50311;0.084901;-0.117331;0.230577;0.421182;-0.406106;0.660828;-0.439141;1.37238;0.597347;0.389402;0.551149;0.0159313;0.157543;0.42028;2.54226;0.366904;-0.0826107;-0.799281;-0.00419934;0.452376;0.930783;-0.0201126;-0.59635;0.0518134;0.150767;0.778101;0.682672;-0.253869;-0.236171;1.801;-0.769022;-0.447911;2.04528;-0.0121119;0.507701;1.72826;0.193534;0.485962;-0.506301;0.632251;-0.0273954;-0.0729195;0.296196;0.297289;0.661383;0.102184;-0.254033;0.0240224;-0.17967;0.449296;-0.0163298;-0.0740522;0.78247;-0.22116;0.488928;0.221431;0.342414;0.130834;-0.284765;1.25026;-0.775538;-0.366307;-0.0516213;-0.0611211;-0.157546;2.17201;0.610117;-0.523641;-0.416518;-0.272627;1.33821;-0.0130286;0.241147;-0.581548;1.84575;0.153503;-0.646778;1.13917;-0.0450069;1.37911",""
"2026-09-28","a100","gpu","us12",492,156,"remlax","9a51c79/jax0.11.1","ok",27.669,5.086,3.099,19.484,1409,9363,0.0138,0.0021,0.0021,TRUE,"-311.995277","1.76774;0.86386;0.0939446;0.179985;-0.194401;0.284195;0.24143;0.455342;0.331698;-0.752212;-0.740201;-1.06802;1.84104;-0.339805;0.328237;0.965021;0.606682;0.736361;0.590343;0.0615828;-0.803682;-0.321632;-1.92066;1.66562;-0.128912;1.06108;0.049059;0.810817;0.166038;0.508749;-0.158174;-0.64819;-0.264979;0.500259;-0.203066;0.13572;-0.0847704;0.0779306;0.00924631;0.00696319;-0.264298;-0.368735;3.30354;0.345185;1.4188;0.336767;0.0322589;0.305891;0.0151875;-2.10783;0.687393;0.421566;0.31319;-0.021264;-0.269283;-0.0446033;-0.819382;1.37095;0.783715;0.39203;-0.22746;0.0712119;-1.40958;0.74011;0.170134;-0.180899;0.0648933;-0.82886;0.781249;-0.168774;-0.327722;-0.187086;1.43903;0.713396;0.316944;1.38457;-0.0758718;3.23849;1.31003;0.452556;-0.0271745;-0.468932;-0.554869;-0.419245;-0.0238782;-0.393502;-0.40979;0.257654;-0.294171;-0.318806;1.36203;0.120188;-0.157197;-0.314878;0.0510005;-0.377896;0.487324;0.109894;0.134729;-0.317746;-0.131775;0.873851;-0.0892191;-0.438451;-0.118351;0.165169;-0.19833;-0.0543183;0.269307;0.286046;-0.21775;0.686397;0.219794;0.194283;-0.234033;0.139189;0.466743;0.0892125;0.541924;0.335981;0.825781;0.361123;0.183676;0.152225;0.354692;-0.345949;0.130037;0.362017;0.837808;-0.261431;0.595485;0.234881;-0.30636;0.0201404;-0.153147;1.38201;-0.243779;-0.351926;-0.174979;0.292757;0.0351544;1.75151;-0.251106;-0.302011;-0.679525;-0.566705;1.09474;0.0786854;0.477154;0.493174;0.584018;0.0680749;-0.036134;1.53842;0.831397;1.24275",""
"2026-09-28","a100","gpu","usK3",498,12,"remlax","9a51c79/jax0.11.1","ok",9.441,5.875,3.259,0.307,22,140,0.0139,0.0022,0.0022,TRUE,"-396.671490","1.79366;-0.838176;0.801063;1.53573;-0.068635;1.48592;1.15473;-0.285314;0.126697;1.01272;-0.0365763;0.869134",""
"2026-09-28","a100","gpu","usK6",498,42,"remlax","9a51c79/jax0.11.1","ok",9.405,5.581,3.07,0.754,155,340,0.0049,0.0022,0.0023,TRUE,"-340.308653","3.14995;-0.708339;0.914868;-1.78815;0.912382;0.187416;0.325724;-0.327234;0.385229;-0.0190514;-0.150547;2.02784;-0.210312;1.05452;0.668871;2.31176;0.269598;0.294177;1.39754;0.592109;0.943535;1.09965;0.527303;0.349942;-0.186084;0.0539044;-0.291429;1.09103;0.325703;-0.291669;0.0804412;-0.144373;1.10955;-0.0160502;0.387385;0.161645;0.511096;-0.118547;0.0391878;0.85181;0.189646;0.923233",""
"2026-09-28","a100","gpu","ige",504,8,"remlax","9a51c79/jax0.11.1","ok",10.905,6.564,4.119,0.222,19,86,0.0117,0.0026,0.0025,TRUE,"-430.945132","0.929225;-0.411107;0.408485;0.251262;0.498941;0.348504;0.661346;0.185442",""
"2026-09-28","a100","gpu","iid",2000,2,"remlax","9a51c79/jax0.11.1","ok",7.461,4.459,2.574,0.428,7,25,0.0611,0.0171,0.0171,TRUE,"-1464.374797","1.43404;0.977353",""
"2026-09-28","a100","gpu","grm",2000,2,"remlax","9a51c79/jax0.11.1","ok",13.113,5.41,7.212,0.491,8,29,0.0614,0.0169,0.017,TRUE,"-1424.845760","1.35036;1.0028",""
"2026-09-28","a100","gpu","ar1ar1",2000,4,"remlax","9a51c79/jax0.11.1","ok",8.607,5.122,2.489,0.996,11,62,0.0906,0.0161,0.016,TRUE,"-1314.742565","0.870811;1.29036;0.492924;0.352058",""
"2026-09-28","a100","gpu","us3",1998,12,"remlax","9a51c79/jax0.11.1","ok",10.116,5.2,3.541,1.375,28,90,0.0491,0.0153,0.0155,TRUE,"-1816.965187","0.815205;0.303956;-0.587177;0.881928;0.0448788;1.94973;2.72496;-0.581288;-0.242548;1.26487;0.221544;0.805621",""
"2026-09-28","a100","gpu","us6",1998,42,"remlax","9a51c79/jax0.11.1","ok",12.834,5.131,3.327,4.376,60,327,0.0729,0.0134,0.0135,TRUE,"-1800.628675","0.612233;-0.180212;0.0456607;0.358815;-0.281622;-0.0474071;1.98793;-0.323553;0.506972;0.613027;-0.0251473;1.06588;-0.757531;-0.363493;0.195155;2.68424;0.458805;-0.658268;1.32059;-0.520421;0.928124;2.59515;-0.043404;-0.178287;-1.45166;-0.347704;0.37473;1.22005;-0.222897;-0.478814;-0.52336;-0.351934;0.697832;0.210644;0.313694;-0.00917181;2.62751;0.449032;0.067472;1.32628;0.048449;1.29391",""
"2026-09-28","a100","gpu","us9",1998,90,"remlax","9a51c79/jax0.11.1","ok",16.802,5.274,3.797,7.731,55,615,0.1406,0.0126,0.0128,TRUE,"-1748.413059","1.43943;-0.764483;-0.183;-0.563887;-0.128952;-0.259496;-0.136884;0.510525;-0.261298;1.6389;-0.0958168;0.505688;-0.0268712;0.157628;0.00587331;-0.563947;0.397112;1.69502;0.319594;-0.244294;-0.0944016;0.610235;-0.0962783;-0.0744086;1.40934;0.201265;0.0271956;-0.338643;-0.517668;0.19595;2.45279;0.304703;-1.43826;-0.444178;-0.816579;0.826646;-0.126085;-0.221419;0.0186023;2.55042;-0.0874072;1.03243;1.26225;-0.217644;1.78613;1.51683;0.128887;0.304687;0.152743;0.765935;0.0933089;-0.156783;0.532585;0.352471;1.03427;0.10484;0.0240665;0.336809;0.14379;0.263368;0.0481329;-0.0261215;1.27493;0.336845;-0.18475;0.66431;-0.100789;0.41149;-0.307461;0.907904;-0.363887;0.524411;-0.255754;0.0736547;-0.0948709;2.1401;-0.533491;0.512835;0.79847;0.391359;1.70865;-0.109268;0.701843;-0.487836;1.19635;0.163481;0.057569;2.06362;-0.459264;1.04923",""
"2026-09-28","a100","gpu","us12",1992,156,"remlax","9a51c79/jax0.11.1","ok",106.093,5.079,3.31,97.705,398,8289,0.2455,0.0118,0.012,TRUE,"-1715.104926","1.84217;0.183411;0.0883705;0.990649;-0.95948;0.27843;0.0192409;-0.189172;0.0872401;-0.110709;-0.606728;-0.406151;1.81161;-0.290591;-0.333025;0.283594;0.493567;-0.0726135;-0.236232;0.262231;-0.384055;-0.214544;-0.375817;1.12515;0.158367;0.43385;0.262894;-0.134065;-0.315914;0.0971606;-0.0586586;-0.180278;-0.252802;2.47015;-0.959143;-0.572329;0.0140218;-0.206049;0.629311;0.531016;-0.654053;-0.529183;2.29163;0.280632;-0.119794;-0.114254;-0.00123288;-0.378723;-0.111475;0.287209;1.24621;0.274228;0.168276;0.0227286;0.255034;-0.086463;0.0177058;0.848104;0.43782;0.0284254;0.610707;0.1764;-0.00873173;0.913685;0.0511478;0.304719;0.504338;0.194169;1.00096;0.103981;-0.165385;-0.0121683;1.03469;0.374091;-0.0525345;1.33913;0.215512;1.25921;1.70309;0.608224;0.065607;-0.762207;-0.0750647;-0.192686;-0.100637;-0.18652;-0.127713;0.300686;-0.0470763;-0.09987;1.14822;-0.138653;-0.750261;-0.0445265;-0.135663;0.223383;-0.211283;0.334736;0.0215561;0.162785;-0.18876;1.07415;0.357272;0.18911;-0.374129;-0.177866;-0.231445;-0.442309;0.252888;-0.298702;0.322127;1.88605;0.206469;-0.154322;-0.136869;-0.205444;-0.418502;-0.0768593;0.0812166;0.230142;1.3272;-0.0751363;0.138554;0.07626;0.16695;0.0194464;-0.0663686;0.205904;1.48155;0.218038;0.361045;0.318465;-0.255864;0.225602;-0.0970545;1.83692;0.0545746;0.966239;-1.07534;0.16551;-0.144534;0.868083;0.00941795;-0.110005;0.0725121;-0.149809;1.93359;-1.17057;0.366563;-0.259929;2.10757;-0.354449;0.284836;1.55991;-0.139699;0.892945",""
"2026-09-28","a100","gpu","usK3",1998,12,"remlax","9a51c79/jax0.11.1","ok",17.166,6.293,9.63,1.244,19,82,0.0655,0.0152,0.0153,TRUE,"-1382.920251","2.80161;-0.00280572;-0.650577;1.01391;0.217584;1.0472;0.759521;-0.0641917;0.164897;0.551006;-0.0489016;0.876029",""
"2026-09-28","a100","gpu","usK6",1998,42,"remlax","9a51c79/jax0.11.1","ok",15.444,5.944,6.459,3.041,46,229,0.0661,0.0133,0.0134,TRUE,"-1797.082813","3.47887;-0.783767;0.303338;-1.78267;1.10656;1.24991;1.147;-0.6858;0.621323;-0.298131;-0.615098;1.09993;-0.337759;0.224638;0.718299;2.17561;-0.448431;-1.06247;1.12326;0.263224;1.6811;1.08054;0.0368336;0.306744;-0.295856;0.480039;-0.0130939;1.84382;-0.160127;-0.00296075;-0.0333482;0.5479;1.36909;-0.701427;-0.499268;-0.461665;1.98321;0.211421;0.300833;2.29405;0.200258;1.01161",""
"2026-09-28","a100","gpu","ige",2016,8,"remlax","9a51c79/jax0.11.1","ok",13.048,6.704,5.197,1.147,23,51,0.0498,0.0225,0.0223,TRUE,"-1682.301274","0.956061;-0.342953;0.212214;0.206615;0.681858;0.317881;0.581414;0.295724",""
"2026-09-28","a100","gpu","iid",8000,2,"remlax","9a51c79/jax0.11.1","ok",26.181,6.126,9.023,11.032,7,35,1.576,0.3152,0.3152,TRUE,"-6016.871716","1.46578;1.02699",""
"2026-09-28","a100","gpu","grm",8000,2,"remlax","9a51c79/jax0.11.1","ok",342.474,19.285,299.762,23.427,8,75,2.9284,0.3124,0.3129,FALSE,"-5717.685293","1.30949;1.02074",""
"2026-09-28","a100","gpu","ar1ar1",8000,4,"remlax","9a51c79/jax0.11.1","ok",28.933,6.861,9.281,12.791,12,41,1.0659,0.312,0.3115,TRUE,"-5536.860751","1.02625;1.22235;0.435663;0.268205",""
"2026-09-28","a100","gpu","us3",7998,12,"remlax","9a51c79/jax0.11.1","ok",69.77,7.984,17.755,44.031,22,138,2.0014,0.3191,0.3195,TRUE,"-5490.831968","1.06125;0.262267;0.0984506;0.696539;-0.103407;0.540226;0.916953;-0.522988;-0.304765;1.38433;0.412583;0.758522",""
"2026-09-28","a100","gpu","us6",7998,42,"remlax","9a51c79/jax0.11.1","ok",136.129,7.58,15.641,112.907,36,395,3.1363,0.2858,0.2862,TRUE,"-6426.591138","1.1144;0.111253;-0.216549;-0.120256;0.0187115;0.106476;0.695463;-0.178085;0.14065;-0.130963;0.198738;1.00443;-0.0830433;-0.134108;-0.0754103;1.17875;-0.29725;0.041337;1.18902;-0.290419;0.706247;1.45745;0.112773;0.633792;-0.47835;0.109785;0.256734;0.962125;0.374002;-0.282868;-0.292716;-0.430494;1.78689;-0.408703;-0.276038;-0.169377;1.50845;0.258833;0.0153681;0.892202;0.184364;1.17454",""
"2026-09-28","a100","gpu","us9",7992,90,"remlax","9a51c79/jax0.11.1","ok",142.266,7.351,15.853,119.062,51,460,2.3345,0.2588,0.259,FALSE,"-6759.547909","0.843879;-0.0378974;-0.0388267;-0.0931108;-0.347284;-0.121297;0.183807;-0.0503026;0.00764974;0.979421;-0.178698;-0.099642;-0.428447;0.474871;0.14813;0.0375071;-0.0830538;0.984037;0.197441;0.320008;0.367903;-0.0474678;-0.367106;-0.194615;0.866927;0.0817614;0.294041;-0.270712;-0.126847;0.331797;1.314;-0.168666;-0.294952;-0.261258;-0.179977;1.75851;-0.0867649;-0.314351;0.365923;1.444;0.418247;-0.187968;1.14705;0.0215227;1.56057;1.8372;0.192654;0.686843;0.100848;-0.260536;-0.183754;0.124869;-0.086601;0.0735642;1.52113;-0.169428;-0.178253;-0.127399;-0.157476;-0.0311521;0.115357;-0.0675936;1.58865;0.1885;0.135523;-0.0310999;-0.452458;-0.134058;0.090336;1.01951;0.0139896;-0.104329;-0.103558;-0.213716;-0.028565;2.27887;-0.168859;-0.87804;0.389182;-0.0240596;0.800606;0.0960724;-0.0398332;-0.0127926;1.84712;-0.0981415;-0.0670888;0.940662;0.0131643;0.596202",""
"2026-09-28","a100","gpu","us12",7992,156,"remlax","9a51c79/jax0.11.1","ok",280.296,7.411,15.09,257.795,49,1008,5.2611,0.2557,0.256,TRUE,"-6766.876265","1.06781;-0.0542179;0.216726;-0.0519271;-0.0794246;0.147623;-0.111657;0.00233084;-0.122534;0.205903;-0.287765;0.103336;1.3137;0.170705;0.17453;0.120712;0.0373605;0.524843;0.445233;-0.283057;0.0260897;0.264317;0.383291;0.958791;-0.252376;-0.405023;0.271173;-0.0150363;0.351784;-0.49328;0.182804;-0.107352;0.213227;1.42622;0.244094;-0.226165;-0.156298;0.170896;-0.16381;0.108395;0.558896;-0.247848;1.66418;-0.28457;-0.254797;-0.020776;0.722681;-0.119532;0.189675;0.0964674;1.08896;-0.271072;-0.126172;-0.199336;-0.048518;0.037382;0.0367617;1.6545;-0.00807355;-0.329542;0.0912217;0.190727;0.476596;1.89778;-0.555609;0.352123;-0.255122;0.346305;1.75669;-0.440552;-0.32607;-0.342432;1.68158;0.361533;0.189859;1.64691;-0.193595;1.3189;0.932953;0.0155381;0.489567;-0.0786337;0.10893;0.3359;-0.161982;0.138266;0.00141955;-0.348329;0.246502;0.106035;0.621841;-0.0955998;-0.0546984;0.0911461;0.142962;0.085003;0.151234;0.152401;-0.0337902;0.131519;-0.138245;1.95493;-0.374649;0.0242897;0.145213;-0.646083;0.334576;-0.391946;-0.555187;0.427258;-0.129843;1.1393;0.0239504;-0.0406049;0.367697;0.149974;0.15238;0.220739;-0.37419;0.0777268;0.841204;0.301752;-0.0683915;0.351651;0.169175;-0.171271;0.0719057;-0.179463;1.80488;0.138923;0.402529;0.358067;-0.83739;0.444949;0.157129;1.20512;-0.0324162;0.553518;0.105082;-0.166525;0.209471;1.30129;-0.139637;-0.315077;-0.0894803;-0.224906;1.5286;-0.184366;0.164671;-0.120237;1.88906;-0.191683;-0.136761;1.50698;0.0106474;1.23185",""
"2026-09-28","a100","gpu","usK3",7998,12,"remlax","9a51c79/jax0.11.1","ok",452.049,25.322,404.135,22.592,34,70,0.6645,0.3227,0.3229,TRUE,"-7892.288749","1.52029;0.922126;-0.89971;3.73097;-2.64372;3.80737;1.02087;-0.132606;-0.461207;1.31224;-1.18107;3.40223",""
"2026-09-28","a100","gpu","usK6",7998,42,"remlax","9a51c79/jax0.11.1","ok",340.615,16.105,208.834,115.676,39,399,2.9661,0.2899,0.2884,TRUE,"-7009.274683","3.06752;0.0616214;1.08408;0.0810591;-1.56152;0.161391;0.794378;-0.0215425;0.056149;0.0224774;0.213259;1.71926;-0.397575;-1.01714;0.0728878;0.903656;0.157931;0.208423;1.97733;-0.0765034;1.76085;1.40923;-0.25765;0.141108;-0.559347;-0.0378156;-0.520973;1.21669;-0.10104;0.179333;0.0863714;0.0212001;1.19923;-0.304153;-0.378998;-0.315384;2.15524;0.346383;1.00605;0.873098;0.461144;1.99965",""
"2026-09-28","a100","gpu","ige",8037,8,"remlax","9a51c79/jax0.11.1","ok",114.01,15.555,49.077,49.378,26,72,1.8992,0.6858,0.6835,TRUE,"-6924.519827","0.915851;-0.340328;0.309188;0.223364;0.428664;0.486931;0.630747;0.430068",""
"2026-09-28","a100","gpu","iid",16000,2,"remlax","9a51c79/jax0.11.1","ok",155.209,14.804,58.587,81.817,7,47,11.6882,1.7408,1.7409,TRUE,"-11891.599497","1.4495;1.00809",""
"2026-09-28","a100","gpu","grm",16000,2,"remlax","9a51c79/jax0.11.1","ok",228.171,116.788,59.973,51.41,7,29,7.3443,1.7728,1.772,TRUE,"-11737.799067","1.54587;1.02919",""
"2026-09-28","a100","gpu","ar1ar1",15933,4,"remlax","9a51c79/jax0.11.1","ok",191.628,19.535,77.541,94.551,12,53,7.8793,1.784,1.7741,TRUE,"-10679.813410","0.987761;1.23849;0.47884;0.297837",""
"2026-09-28","a100","gpu","us3",15999,12,"remlax","9a51c79/jax0.11.1","ok",350.123,29.569,106.786,213.768,23,111,9.2943,1.9258,1.9293,TRUE,"-12878.925951","1.18324;-0.00392168;0.92501;2.08425;-1.82925;3.7591;0.713701;-0.298063;0.159398;1.15643;-0.106685;0.743657",""
"2026-09-28","a100","gpu","us6",15996,42,"remlax","9a51c79/jax0.11.1","ok",513.467,25.554,92.409,395.504,37,220,10.6893,1.7977,1.8015,TRUE,"-14671.084799","1.54398;0.538254;0.112236;-0.382053;0.26095;0.358625;2.22219;-0.0910321;-0.787424;0.844521;0.718096;0.958978;0.267425;0.0342254;-0.234969;1.80542;-0.120308;-0.698864;2.37265;-0.529346;2.29852;1.10388;0.0407744;0.502953;-0.0202332;-0.524006;0.344218;0.850195;0.101239;-0.00810341;0.0257796;-0.0601118;1.64155;0.463558;-0.66182;0.0939369;1.01428;0.215437;0.083714;1.82079;0.515283;2.06184",""
"2026-09-28","a100","gpu","us9",15993,90,"remlax","9a51c79/jax0.11.1","ok",849.509,29.145,105.228,715.136,52,427,13.7526,1.6748,1.6737,TRUE,"-14147.480906","2.35294;-0.0654459;0.21761;-0.1366;-0.0900811;-0.626206;0.999347;0.294075;0.244194;0.841633;-0.318391;-0.00378378;0.0316774;0.306463;-0.102314;0.411494;-0.17704;1.81628;0.732005;-0.110209;-0.63206;-0.0534402;-0.603278;0.525778;2.84849;-0.607489;-0.101622;-0.346193;-0.69474;0.489095;1.12466;0.369295;-0.0909736;-0.135113;-0.260047;1.40362;-0.305652;-0.0384268;-0.536845;1.27134;0.405648;-0.00475559;2.13626;-0.344767;0.88332;1.11612;0.249928;0.0198491;0.0734956;0.479506;-0.0900205;0.190552;0.0981382;-0.15137;1.05496;0.330782;-0.0253228;0.353073;-0.11561;0.242099;0.0814218;-0.413315;1.117;-0.0111877;0.411171;-0.364466;0.303898;0.101654;-0.195281;1.75669;-1.02167;-0.47495;-0.476709;1.23436;0.098968;2.31901;0.138983;0.802146;-1.23947;-0.0990038;1.07919;-0.0143492;-0.232832;0.0397947;1.56949;0.0812857;-0.23861;3.4327;-0.255227;1.01642",""
"2026-09-28","a100","gpu","us12",15996,156,"remlax","9a51c79/jax0.11.1","ok",2800.947,25.094,90.368,2685.486,54,1642,49.7312,1.6355,1.6329,TRUE,"-14565.966893","1.97163;-0.417959;0.410801;-0.160565;0.48964;-0.231255;0.379951;0.478675;0.049881;-0.119127;0.267575;0.187815;1.39721;-0.346667;0.232794;-0.122379;0.409545;-0.168059;0.0473369;0.13566;-0.516133;0.178802;0.1249;2.25112;-0.162419;-0.232993;-0.326496;0.0198236;0.273308;0.0120652;0.414308;-0.363831;-0.0827788;0.869108;0.228589;-0.263176;-0.194279;-0.180471;0.152039;-0.318586;0.0793488;-0.00343666;1.4439;-0.358995;-0.242423;0.0798276;0.255256;-0.0734599;0.0207883;0.281955;2.00988;0.120857;0.131961;0.0461943;0.18912;0.148633;-0.178192;0.892946;-0.105529;-0.261701;0.0312431;0.0978247;-0.095811;1.36035;-0.228543;-0.0471694;0.460517;0.34241;1.00104;0.0289398;0.0626407;0.146286;2.01416;0.178419;0.0969914;1.84563;0.0661135;1.24113;2.67753;0.100754;0.279047;0.803294;-0.0110652;0.0355812;-0.625862;-0.636105;0.671713;-0.595965;0.0324916;0.932786;1.52039;0.228997;0.401766;-0.403154;0.0351884;0.204748;0.0636926;-0.335762;0.303552;0.690093;-0.351337;1.47497;0.0237305;-0.1854;-0.210814;-0.0847263;0.231421;-0.0624014;-0.189768;-0.176915;0.188522;1.40865;-0.0479321;0.0932016;-0.133851;-0.202347;0.234686;-0.0776454;0.221114;0.349962;1.74997;0.0410853;0.0290652;0.0636328;-0.223104;0.398689;-0.366765;0.29542;1.20639;0.0181939;0.031568;-0.608446;0.337518;-0.0434679;0.0415059;1.19629;0.540658;-0.347696;0.543011;0.108329;-0.446437;1.66126;-0.206804;0.47821;-0.176311;-0.262246;1.78295;-0.581438;-0.157635;0.552281;1.65092;-0.107458;-0.44744;1.33626;-0.415394;1.50118",""
"2026-09-28","a100","gpu","usK3",15999,12,"remlax","9a51c79/jax0.11.1","ok",442.359,167.196,107.922,167.242,21,82,7.9639,2.0395,2.0369,TRUE,"-11961.419468","1.89274;0.676514;-0.945799;1.17449;-0.191593;1.44886;1.82716;0.494327;-0.369947;0.84934;-0.0351807;0.660837",""
"2026-09-28","a100","gpu","usK6",15996,42,"remlax","9a51c79/jax0.11.1","ok",448.586,90.846,92.255,265.485,39,141,6.8073,1.8829,1.8716,TRUE,"-13464.333346","2.41136;0.646626;-0.869791;1.38272;-1.18009;-0.0570942;1.33289;-0.437431;0.558813;-0.180372;0.224653;1.04223;-0.608035;0.301847;0.11829;2.56186;-0.137696;0.327319;2.2779;-0.167166;1.09636;1.23156;0.518902;-0.258778;0.569601;-0.0407967;-0.24569;1.76814;0.179524;0.107931;0.0277284;-0.223589;1.09162;-0.172599;-0.0594334;0.0790711;1.78757;0.165887;-0.239942;0.807477;-0.267062;1.09174",""
"2026-09-28","a100","gpu","ige",16000,8,"remlax","9a51c79/jax0.11.1","ok",644.188,77.819,249.744,316.625,22,68,14.3921,4.6563,4.6479,TRUE,"-13850.232858","0.92285;-0.383432;0.324612;0.205388;0.484411;0.463954;0.592129;0.366767",""
"2026-09-28","a100","gpu","iid",32000,NA,"remlax","9a51c79/jax0.11.1","error",322.8,NA,NA,NA,NA,NA,NA,NA,NA,NA,NA,NA,"solveur REML : echec"
"2026-09-28","a100","gpu","grm",32000,NA,"remlax","9a51c79/jax0.11.1","error",1140.5,NA,NA,NA,NA,NA,NA,NA,NA,NA,NA,NA,"solveur REML : echec"
