backend,device,device_kind,tag,jax,numpy,python,machine,n_cpu,xla_flags,omp,n_cpu_affinity,mkl,openblas,utc,suite,case,n,status,error,first_call_s,run_call_s,compile_s,fit_s_median,n_par,logLik,rss_mb,gpu_mb
cpu,cpu:0,cpu,cpu-epyc-8c-omp8,0.11.1,2.5.2,3.12.3,x86_64,192,,8,8,8,8,2026-09-01T13:19:03Z,structures,iid,1200,ok,,0.30007232539355755,0.11946384515613317,0.18060848023742437,3.242042424157262,2,-1684.6708843866538,771.45703125,nan
cpu,cpu:0,cpu,cpu-epyc-8c-omp8,0.11.1,2.5.2,3.12.3,x86_64,192,,8,8,8,8,2026-09-01T13:19:03Z,structures,us(3),1200,ok,,0.3756657773628831,0.13445312343537807,0.24121265392750502,11.022816761396825,9,-1583.7478027887319,947.5703125,nan
cpu,cpu:0,cpu,cpu-epyc-8c-omp8,0.11.1,2.5.2,3.12.3,x86_64,192,,8,8,8,8,2026-09-01T13:19:03Z,structures,"fa(4,2)",1200,ok,,0.40155708231031895,0.14629412349313498,0.25526295881718397,51.48630132712424,15,-1576.3140528031743,1013.5390625,nan
cpu,cpu:0,cpu,cpu-epyc-8c-omp8,0.11.1,2.5.2,3.12.3,x86_64,192,,8,8,8,8,2026-09-01T13:19:03Z,structures,ar1,1200,ok,,0.5984887704253197,0.2074265582486987,0.39106221217662096,20.486117823049426,3,-1735.63131687857,1092.06640625,nan
cpu,cpu:0,cpu,cpu-epyc-8c-omp8,0.11.1,2.5.2,3.12.3,x86_64,192,,8,8,8,8,2026-09-01T13:19:03Z,structures,ar1ar1,1200,ok,,0.5315765617415309,0.19965862669050694,0.33191793505102396,15.996446344070137,4,-1734.971192406221,1150.4296875,nan
cpu,cpu:0,cpu,cpu-epyc-8c-omp8,0.11.1,2.5.2,3.12.3,x86_64,192,,8,8,8,8,2026-09-01T13:19:03Z,structures,iexp,1200,ok,,0.6649399688467383,0.354263155721128,0.31067681312561035,10.970273034647107,3,-1736.4254758524194,1254.41015625,nan
cpu,cpu:0,cpu,cpu-epyc-8c-omp8,0.11.1,2.5.2,3.12.3,x86_64,192,,8,8,8,8,2026-09-01T13:19:03Z,structures,igau,1200,ok,,0.6287105875089765,0.35962988156825304,0.2690807059407234,10.705676816403866,3,-1736.4254758524194,1331.2265625,nan
cpu,cpu:0,cpu,cpu-epyc-8c-omp8,0.11.1,2.5.2,3.12.3,x86_64,192,,8,8,8,8,2026-09-01T13:19:03Z,structures,sph,1200,ok,,0.7031001448631287,0.39090740494430065,0.312192739918828,100.44220951013267,3,-1736.4254758716397,1464.078125,nan
cpu,cpu:0,cpu,cpu-epyc-8c-omp8,0.11.1,2.5.2,3.12.3,x86_64,192,,8,8,8,8,2026-09-01T13:19:03Z,structures,mtrn,1200,ok,,3.1282346257939935,3.5143989641219378,-0.3861643383279443,1125.0307950545102,4,-1736.4254759128833,10211.26953125,nan
cpu,cpu:0,cpu,cpu-epyc-8c-omp8,0.11.1,2.5.2,3.12.3,x86_64,192,,8,8,8,8,2026-09-01T13:19:03Z,structures,mtrn_aniso,1200,ok,,2.422441774047911,2.8719716081395745,-0.44952983409166336,172.98895146977156,6,-1877.2077801748042,10326.40234375,nan
