backend,device,device_kind,tag,jax,numpy,python,machine,n_cpu,xla_flags,omp,n_cpu_affinity,mkl,openblas,utc,suite,case,n,q,n_par,status,fit_s_median,fit_s_min,fit_s_max,n_iter,logLik,newton_decrement,rss_mb,gpu_mb,first_call_s,run_call_s,compile_s,compile_share,neg2logl
cpu,cpu:0,cpu,cpu-epyc-8c-omp8,0.11.1,2.5.2,3.12.3,x86_64,192,,8,8,8,8,2026-09-01T13:11:45Z,scaling,iid,250,50,2,ok,0.25985097233206034,0.25735173374414444,0.9799215635284781,7,-335.8086406971121,nan,637.421875,nan,,,,,
cpu,cpu:0,cpu,cpu-epyc-8c-omp8,0.11.1,2.5.2,3.12.3,x86_64,192,,8,8,8,8,2026-09-01T13:11:45Z,scaling,iid,500,100,2,ok,0.6333660148084164,0.5968170212581754,1.4042756166309118,7,-707.8599180985385,nan,735.140625,nan,,,,,
cpu,cpu:0,cpu,cpu-epyc-8c-omp8,0.11.1,2.5.2,3.12.3,x86_64,192,,8,8,8,8,2026-09-01T13:11:45Z,scaling,iid,1000,200,2,ok,2.1015617065131664,2.01715406216681,2.9710471341386437,7,-1457.6754242263432,nan,905.078125,nan,,,,,
cpu,cpu:0,cpu,cpu-epyc-8c-omp8,0.11.1,2.5.2,3.12.3,x86_64,192,,8,8,8,8,2026-09-01T13:11:45Z,scaling,iid,2000,400,2,ok,6.128929536789656,5.646950514987111,6.781134957447648,7,-2828.817643776073,nan,1358.34375,nan,,,,,
cpu,cpu:0,cpu,cpu-epyc-8c-omp8,0.11.1,2.5.2,3.12.3,x86_64,192,,8,8,8,8,2026-09-01T13:11:45Z,scaling,iid,3000,600,2,ok,14.023931546136737,13.549915872514248,14.031884784810245,7,-4212.097504629823,nan,1775.78125,nan,,,,,
cpu,cpu:0,cpu,cpu-epyc-8c-omp8,0.11.1,2.5.2,3.12.3,x86_64,192,,8,8,8,8,2026-09-01T13:11:45Z,scaling,iid,4000,800,2,ok,25.802038753405213,25.242592648603022,26.01176788005978,7,-5577.218013357657,nan,2264.90625,nan,,,,,
cpu,cpu:0,cpu,cpu-epyc-8c-omp8,0.11.1,2.5.2,3.12.3,x86_64,192,,8,8,8,8,2026-09-01T13:11:45Z,scaling,iid,6000,1200,2,ok,70.65112050902098,70.65112050902098,70.65112050902098,7,-8420.514305938304,nan,3165.94921875,nan,,,,,
cpu,cpu:0,cpu,cpu-epyc-8c-omp8,0.11.1,2.5.2,3.12.3,x86_64,192,,8,8,8,8,2026-09-01T13:11:45Z,scaling,iid,8000,1600,2,ok,154.96689993701875,154.96689993701875,154.96689993701875,7,-11176.74611815509,nan,4480.87890625,nan,,,,,
cpu,cpu:0,cpu,cpu-epyc-8c-omp8,0.11.1,2.5.2,3.12.3,x86_64,192,,8,8,8,8,2026-09-01T13:11:45Z,compile,iid,250,,,ok,,,,,,,4480.87890625,nan,0.15325518976897,0.0030183522030711174,0.1502368375658989,0.9803050571558377,716.8326938761807
cpu,cpu:0,cpu,cpu-epyc-8c-omp8,0.11.1,2.5.2,3.12.3,x86_64,192,,8,8,8,8,2026-09-01T13:11:45Z,compile,iid,500,,,ok,,,,,,,4480.87890625,nan,0.19812447018921375,0.011633019894361496,0.18649145029485226,0.9412842851604768,1420.5738794353094
cpu,cpu:0,cpu,cpu-epyc-8c-omp8,0.11.1,2.5.2,3.12.3,x86_64,192,,8,8,8,8,2026-09-01T13:11:45Z,compile,iid,1000,,,ok,,,,,,,4480.87890625,nan,0.2552289664745331,0.0719619793817401,0.183266987092793,0.7180493249816121,2828.418836407918
cpu,cpu:0,cpu,cpu-epyc-8c-omp8,0.11.1,2.5.2,3.12.3,x86_64,192,,8,8,8,8,2026-09-01T13:11:45Z,compile,iid,2000,,,ok,,,,,,,4480.87890625,nan,0.4743053177371621,0.28472375217825174,0.18958156555891037,0.3997036475647689,5687.287658798607
cpu,cpu:0,cpu,cpu-epyc-8c-omp8,0.11.1,2.5.2,3.12.3,x86_64,192,,8,8,8,8,2026-09-01T13:11:45Z,compile,iid,3000,,,ok,,,,,,,4480.87890625,nan,0.8198503814637661,0.6156485443934798,0.20420183707028627,0.24907207667050543,8447.373948590623
cpu,cpu:0,cpu,cpu-epyc-8c-omp8,0.11.1,2.5.2,3.12.3,x86_64,192,,8,8,8,8,2026-09-01T13:11:45Z,compile,iid,4000,,,ok,,,,,,,4480.87890625,nan,1.5394441997632384,1.184887851588428,0.3545563481748104,0.23031451755727167,11383.952823018695
cpu,cpu:0,cpu,cpu-epyc-8c-omp8,0.11.1,2.5.2,3.12.3,x86_64,192,,8,8,8,8,2026-09-01T13:11:45Z,compile,iid,6000,,,ok,,,,,,,4480.87890625,nan,4.0833869986236095,3.3974550077691674,0.6859319908544421,0.167981137003583,17098.27674413139
cpu,cpu:0,cpu,cpu-epyc-8c-omp8,0.11.1,2.5.2,3.12.3,x86_64,192,,8,8,8,8,2026-09-01T13:11:45Z,compile,iid,8000,,,ok,,,,,,,4903.046875,nan,8.508729704655707,7.459376924671233,1.0493527799844742,0.12332660883683984,22620.855310309285
