case,n_nom,n,reps,q,n_par_ref,serie,cores,status,wall_s,startup_s,compile_s,solver_s,n_iter,n_eval,s_per_iter,s_per_eval,eval_s,converged,logLik,dlogLik_vs_asreml,error
iid,500,500,4,125.0,2.0,asreml,4,ok,5.126,,,5.126,6.0,6.0,0.8543,0.8543,,True,-370.943512,,
iid,500,500,4,125.0,2.0,remlax CPU (4 cores),4,ok,7.205,6.316,0.376,0.514,7.0,28.0,0.0734,0.0183,0.0214,True,-370.943512,0.0,
iid,500,500,4,125.0,2.0,remlax GPU (A100),8,ok,11.091,8.201,2.826,0.064,7.0,25.0,0.0091,0.0026,0.0023,True,-370.943512,0.0,
iid,2000,2000,4,500.0,2.0,asreml,4,ok,4.807,,,4.807,6.0,6.0,0.8012,0.8012,,True,-1464.374797,,
iid,2000,2000,4,500.0,2.0,remlax CPU (4 cores),4,ok,26.999,5.105,0.0,21.894,7.0,25.0,3.1278,0.8758,1.1852,True,-1464.374797,0.0,
iid,2000,2000,4,500.0,2.0,remlax GPU (A100),8,ok,7.461,4.459,2.574,0.428,7.0,25.0,0.0611,0.0171,0.0171,True,-1464.374797,0.0,
iid,8000,8000,4,2000.0,2.0,asreml,4,ok,5.564,,,5.564,6.0,6.0,0.9273,0.9273,,True,-6016.871716,,
iid,8000,8000,4,2000.0,2.0,remlax CPU (4 cores),4,ok,1025.884,36.251,0.995,988.637,7.0,65.0,141.2339,15.2098,15.3166,False,-6016.871716,0.0,
iid,8000,8000,4,2000.0,2.0,remlax GPU (A100),8,ok,26.181,6.126,9.023,11.032,7.0,35.0,1.576,0.3152,0.3152,True,-6016.871716,0.0,
iid,16000,16000,4,4000.0,2.0,asreml,4,ok,5.805,,,5.805,6.0,6.0,0.9675,0.9675,,True,-11891.599497,,
iid,16000,16000,4,4000.0,2.0,remlax GPU (A100),8,ok,155.209,14.804,58.587,81.817,7.0,47.0,11.6882,1.7408,1.7409,True,-11891.599497,0.0,
iid,32000,32000,4,8000.0,,remlax GPU (A100),8,error,322.8,,,,,,,,,,,,solveur REML : echec
grm,500,500,4,125.0,2.0,asreml,4,ok,4.75,,,4.75,6.0,6.0,0.7917,0.7917,,True,-352.830777,,
grm,500,500,4,125.0,2.0,remlax CPU (4 cores),4,ok,7.139,2.892,0.352,3.895,9.0,57.0,0.4328,0.0683,0.0229,True,-352.830777,0.0,
grm,500,500,4,125.0,2.0,remlax GPU (A100),8,ok,8.295,5.414,2.789,0.092,9.0,38.0,0.0102,0.0024,0.0023,True,-352.830777,0.0,
grm,2000,2000,1,2000.0,2.0,asreml,8,ok,9.543,,,9.543,6.0,6.0,1.5905,1.5905,,True,-1791.490978,,
grm,2000,2000,2,1000.0,2.0,asreml,8,ok,4.784,,,4.784,6.0,6.0,0.7973,0.7973,,True,-1650.170731,,
grm,2000,2000,4,500.0,2.0,asreml,4,ok,5.182,,,5.182,6.0,6.0,0.8637,0.8637,,True,-1424.84576,,
grm,2000,2000,10,200.0,2.0,asreml,8,ok,1.508,,,1.508,6.0,6.0,0.2513,0.2513,,True,-1220.952953,,
grm,2000,2000,40,50.0,2.0,asreml,8,ok,4.093,,,4.093,6.0,6.0,0.6822,0.6822,,True,-1125.683464,,
grm,2000,2000,1,2000.0,2.0,remlax CPU (4 cores),8,ok,69.153,9.727,42.973,16.453,9.0,44.0,1.8281,0.3739,0.3408,True,-1791.490967,1.1000000085914508e-05,
grm,2000,2000,2,1000.0,2.0,remlax CPU (4 cores),8,ok,26.637,7.16,11.077,8.4,8.0,30.0,1.0501,0.28,0.2598,True,-1650.170731,0.0,
grm,2000,2000,4,500.0,2.0,remlax CPU (4 cores),4,ok,24.954,4.177,5.213,15.565,9.0,33.0,1.7294,0.4717,0.4226,True,-1424.84576,0.0,
grm,2000,2000,10,200.0,2.0,remlax CPU (4 cores),8,ok,21.765,6.451,0.73,14.584,9.0,67.0,1.6205,0.2177,0.2092,False,-1220.952953,0.0,
grm,2000,2000,40,50.0,2.0,remlax CPU (4 cores),8,ok,18.315,6.595,0.353,11.367,6.0,52.0,1.8946,0.2186,0.2064,False,-1125.683464,0.0,
grm,2000,2000,1,2000.0,2.0,remlax GPU (A100),8,ok,87.478,11.243,75.814,0.421,9.0,22.0,0.0468,0.0192,0.0188,True,-1791.490967,1.1000000085914508e-05,
grm,2000,2000,2,1000.0,2.0,remlax GPU (A100),8,ok,31.245,9.583,21.004,0.658,7.0,37.0,0.094,0.0178,0.0178,True,-1650.170731,0.0,
grm,2000,2000,4,500.0,2.0,remlax GPU (A100),8,ok,13.113,5.41,7.212,0.491,8.0,29.0,0.0614,0.0169,0.017,True,-1424.84576,0.0,
grm,2000,2000,10,200.0,2.0,remlax GPU (A100),8,ok,13.295,8.913,3.452,0.93,8.0,56.0,0.1163,0.0166,0.0166,False,-1220.952953,0.0,
grm,2000,2000,40,50.0,2.0,remlax GPU (A100),8,ok,11.973,8.854,2.706,0.413,7.0,25.0,0.0591,0.0165,0.0163,True,-1125.683464,0.0,
grm,8000,8000,1,8000.0,2.0,asreml,8,ok,496.249,,,496.249,6.0,6.0,82.7082,82.7082,,True,-7236.477644,,
grm,8000,8000,2,4000.0,2.0,asreml,8,ok,97.974,,,97.974,6.0,6.0,16.329,16.329,,True,-6459.872378,,
grm,8000,8000,4,2000.0,2.0,asreml,4,ok,15.074,,,15.074,6.0,6.0,2.5123,2.5123,,True,-5717.685294,,
grm,8000,8000,10,800.0,2.0,asreml,8,ok,3.371,,,3.371,6.0,6.0,0.5618,0.5618,,True,-5023.418162,,
grm,8000,8000,40,200.0,2.0,asreml,8,ok,4.445,,,4.445,6.0,6.0,0.7408,0.7408,,True,-4342.528246,,
grm,8000,8000,1,8000.0,2.0,remlax CPU (4 cores),4,ok,1481.965,312.503,8.256,1161.206,9.0,36.0,129.0229,32.2557,32.4379,True,-7236.477644,0.0,
grm,8000,8000,2,4000.0,2.0,remlax CPU (4 cores),4,ok,818.065,107.093,3.003,707.969,8.0,36.0,88.4962,19.6658,19.6428,True,-6459.872378,0.0,
grm,8000,8000,4,2000.0,2.0,remlax CPU (4 cores),4,ok,1423.533,52.615,301.461,1069.457,10.0,71.0,106.9457,15.0628,16.5641,True,-5717.685293,1.0000003385357559e-06,
grm,8000,8000,10,800.0,2.0,remlax CPU (4 cores),4,ok,494.172,31.327,49.387,413.458,9.0,36.0,45.9398,11.4849,11.2642,True,-5023.418162,0.0,
grm,8000,8000,40,200.0,2.0,remlax CPU (4 cores),4,ok,277.146,27.454,3.473,246.219,10.0,24.0,24.6219,10.2591,10.0035,True,-4342.528246,0.0,
grm,8000,8000,1,8000.0,2.0,remlax GPU (A100),8,ok,262.79,207.932,23.081,31.777,8.0,64.0,3.9721,0.4965,0.4956,False,-7236.477644,0.0,
grm,8000,8000,2,4000.0,2.0,remlax GPU (A100),8,ok,84.88,57.815,13.625,13.439,8.0,36.0,1.6799,0.3733,0.3734,True,-6459.872378,0.0,
grm,8000,8000,4,2000.0,2.0,remlax GPU (A100),8,ok,342.474,19.285,299.762,23.427,8.0,75.0,2.9284,0.3124,0.3129,False,-5717.685293,1.0000003385357559e-06,
grm,8000,8000,10,800.0,2.0,remlax GPU (A100),8,ok,92.873,8.149,66.16,18.565,8.0,64.0,2.3206,0.2901,0.2904,True,-5023.418162,0.0,
grm,8000,8000,40,200.0,2.0,remlax GPU (A100),8,ok,25.123,8.009,9.885,7.229,10.0,26.0,0.7229,0.278,0.2782,True,-4342.528246,0.0,
grm,16000,16000,4,4000.0,2.0,asreml,4,ok,84.311,,,84.311,6.0,6.0,14.0518,14.0518,,True,-11737.799067,,
grm,16000,16000,4,4000.0,2.0,remlax GPU (A100),8,ok,228.171,116.788,59.973,51.41,7.0,29.0,7.3443,1.7728,1.772,True,-11737.799067,0.0,
grm,32000,32000,4,8000.0,,remlax GPU (A100),8,error,1140.5,,,,,,,,,,,,solveur REML : echec
ar1ar1,500,500,4,125.0,4.0,asreml,4,ok,4.897,,,4.897,8.0,8.0,0.6121,0.6121,,True,-320.171333,,
ar1ar1,500,500,4,125.0,4.0,remlax CPU (4 cores),4,ok,6.238,3.686,0.543,2.009,9.0,38.0,0.2232,0.0529,0.0298,True,-320.171305,2.7999999986150215e-05,
ar1ar1,500,500,4,125.0,4.0,remlax GPU (A100),8,ok,7.669,5.132,2.438,0.099,9.0,41.0,0.011,0.0024,0.0021,True,-320.171305,2.7999999986150215e-05,
ar1ar1,2000,2000,4,500.0,4.0,asreml,4,ok,5.437,,,5.437,8.0,8.0,0.6796,0.6796,,True,-1314.742568,,
ar1ar1,2000,2000,4,500.0,4.0,remlax CPU (4 cores),4,ok,24.251,4.479,0.405,19.367,11.0,42.0,1.7606,0.4611,0.4733,True,-1314.742565,2.9999998787388904e-06,
ar1ar1,2000,2000,4,500.0,4.0,remlax GPU (A100),8,ok,8.607,5.122,2.489,0.996,11.0,62.0,0.0906,0.0161,0.016,True,-1314.742565,2.9999998787388904e-06,
ar1ar1,8000,8000,4,2000.0,4.0,asreml,4,ok,11.01,,,11.01,8.0,8.0,1.3762,1.3762,,True,-5536.860751,,
ar1ar1,8000,8000,4,2000.0,4.0,remlax CPU (4 cores),4,ok,510.679,38.261,0.732,471.686,12.0,29.0,39.3072,16.265,15.7659,True,-5536.860751,0.0,
ar1ar1,8000,8000,4,2000.0,4.0,remlax GPU (A100),8,ok,28.933,6.861,9.281,12.791,12.0,41.0,1.0659,0.312,0.3115,True,-5536.860751,0.0,
ar1ar1,16000,15933,4,3983.0,4.0,asreml,4,ok,46.61,,,46.61,8.0,8.0,5.8262,5.8262,,True,-10679.813411,,
ar1ar1,16000,15933,4,3983.0,4.0,remlax GPU (A100),8,ok,191.628,19.535,77.541,94.551,12.0,53.0,7.8793,1.784,1.7741,True,-10679.81341,9.999985195463523e-07,
us3,500,498,2,83.0,13.0,asreml,4,ok,4.884,,,4.884,17.0,17.0,0.2873,0.2873,,True,-449.715263,,
us3,500,498,2,83.0,13.0,remlax CPU (4 cores),4,ok,8.897,6.605,0.431,1.861,28.0,90.0,0.0665,0.0207,0.0242,True,-449.715263,0.0,
us3,500,498,2,83.0,13.0,remlax GPU (A100),8,ok,8.57,5.117,3.247,0.207,28.0,90.0,0.0074,0.0023,0.0022,True,-449.715263,0.0,
us3,2000,1998,2,333.0,13.0,asreml,4,ok,5.365,,,5.365,17.0,17.0,0.3156,0.3156,,True,-1816.965187,,
us3,2000,1998,2,333.0,13.0,remlax CPU (4 cores),4,ok,44.428,4.029,0.566,39.833,28.0,90.0,1.4226,0.4426,0.4116,True,-1816.965187,0.0,
us3,2000,1998,2,333.0,13.0,remlax GPU (A100),8,ok,10.116,5.2,3.541,1.375,28.0,90.0,0.0491,0.0153,0.0155,True,-1816.965187,0.0,
us3,8000,7998,2,1333.0,13.0,asreml,4,ok,4.927,,,4.927,17.0,17.0,0.2898,0.2898,,True,-5490.831968,,
us3,8000,7998,2,1333.0,13.0,remlax CPU (4 cores),4,ok,2283.122,43.501,2.711,2236.909,23.0,120.0,97.2569,18.6409,18.1978,False,-5490.831968,0.0,
us3,8000,7998,2,1333.0,13.0,remlax GPU (A100),8,ok,69.77,7.984,17.755,44.031,22.0,138.0,2.0014,0.3191,0.3195,True,-5490.831968,0.0,
us3,16000,15999,2,2666.0,13.0,asreml,4,ok,6.223,,,6.223,17.0,17.0,0.3661,0.3661,,True,-12878.925951,,
us3,16000,15999,2,2666.0,13.0,remlax GPU (A100),8,ok,350.123,29.569,106.786,213.768,23.0,111.0,9.2943,1.9258,1.9293,True,-12878.925951,0.0,
us6,500,498,2,41.0,43.0,asreml,4,ok,4.81,,,4.81,47.0,47.0,0.1023,0.1023,,True,-424.60028,,
us6,500,498,2,41.0,43.0,remlax CPU (4 cores),4,ok,10.636,3.016,0.367,7.252,57.0,332.0,0.1272,0.0218,0.0192,True,-424.600273,6.999999982326699e-06,
us6,500,498,2,41.0,43.0,remlax GPU (A100),8,ok,8.855,5.013,3.114,0.728,57.0,332.0,0.0128,0.0022,0.0022,True,-424.600273,6.999999982326699e-06,
us6,2000,1998,2,166.0,43.0,asreml,4,ok,5.535,,,5.535,47.0,47.0,0.1178,0.1178,,True,-1800.628675,,
us6,2000,1998,2,166.0,43.0,remlax CPU (4 cores),4,ok,146.143,4.185,0.552,141.407,60.0,329.0,2.3568,0.4298,0.4114,True,-1800.628675,0.0,
us6,2000,1998,2,166.0,43.0,remlax GPU (A100),8,ok,12.834,5.131,3.327,4.376,60.0,327.0,0.0729,0.0134,0.0135,True,-1800.628675,0.0,
us6,8000,7998,2,666.0,43.0,asreml,4,ok,5.291,,,5.291,47.0,47.0,0.1126,0.1126,,True,-6426.591138,,
us6,8000,7998,2,666.0,43.0,remlax CPU (4 cores),4,ok,8451.824,45.223,2.412,8404.189,35.0,450.0,240.1197,18.676,18.7959,False,-6426.591138,0.0,
us6,8000,7998,2,666.0,43.0,remlax GPU (A100),8,ok,136.129,7.58,15.641,112.907,36.0,395.0,3.1363,0.2858,0.2862,True,-6426.591138,0.0,
us6,16000,15996,2,1333.0,43.0,asreml,4,ok,6.597,,,6.597,47.0,47.0,0.1404,0.1404,,True,-14671.084799,,
us6,16000,15996,2,1333.0,43.0,remlax GPU (A100),8,ok,513.467,25.554,92.409,395.504,37.0,220.0,10.6893,1.7977,1.8015,True,-14671.084799,0.0,
us9,500,495,2,27.0,91.0,asreml,4,ok,4.879,,,4.879,95.0,95.0,0.0514,0.0514,,True,-383.311039,,
us9,500,495,2,27.0,91.0,remlax CPU (4 cores),4,ok,42.364,7.014,0.545,34.805,451.0,1019.0,0.0772,0.0342,0.0273,True,-383.265071,0.04596800000001622,
us9,500,495,2,27.0,91.0,remlax GPU (A100),8,ok,11.719,5.161,3.5,3.059,329.0,1443.0,0.0093,0.0021,0.0022,True,-383.265071,0.04596800000001622,
us9,2000,1998,2,111.0,91.0,asreml,4,ok,5.393,,,5.393,95.0,95.0,0.0568,0.0568,,True,-1748.413059,,
us9,2000,1998,2,111.0,91.0,remlax CPU (4 cores),4,ok,357.191,4.5,1.085,351.605,55.0,612.0,6.3928,0.5745,0.5329,True,-1748.413059,0.0,
us9,2000,1998,2,111.0,91.0,remlax GPU (A100),8,ok,16.802,5.274,3.797,7.731,55.0,615.0,0.1406,0.0126,0.0128,True,-1748.413059,0.0,
us9,8000,7992,2,444.0,91.0,asreml,4,ok,5.583,,,5.583,95.0,95.0,0.0588,0.0588,,True,-6759.547909,,
us9,8000,7992,2,444.0,91.0,remlax CPU (4 cores),4,timeout,10801.5,,,,,,,,,,,,solveur REML : echec
us9,8000,7992,2,444.0,91.0,remlax GPU (A100),8,ok,142.266,7.351,15.853,119.062,51.0,460.0,2.3345,0.2588,0.259,False,-6759.547909,0.0,
us9,16000,15993,2,888.0,91.0,asreml,4,ok,6.849,,,6.849,95.0,95.0,0.0721,0.0721,,True,-14147.480906,,
us9,16000,15993,2,888.0,91.0,remlax GPU (A100),8,ok,849.509,29.145,105.228,715.136,52.0,427.0,13.7526,1.6748,1.6737,True,-14147.480906,0.0,
us12,500,492,2,20.0,157.0,asreml,4,ok,6.378,,,6.378,161.0,161.0,0.0396,0.0396,,False,-312.057348,,
us12,500,492,2,20.0,157.0,remlax CPU (4 cores),4,ok,248.967,7.53,0.51,240.927,2159.0,10140.0,0.1116,0.0238,0.0321,True,-311.995277,0.062071000000003096,
us12,500,492,2,20.0,157.0,remlax GPU (A100),8,ok,27.669,5.086,3.099,19.484,1409.0,9363.0,0.0138,0.0021,0.0021,True,-311.995277,0.062071000000003096,
us12,2000,1992,2,83.0,157.0,asreml,4,ok,7.73,,,7.73,161.0,161.0,0.048,0.048,,False,-1716.443566,,
us12,2000,1992,2,83.0,157.0,remlax CPU (4 cores),4,ok,5112.867,4.971,1.501,5106.395,278.0,8163.0,18.3683,0.6256,0.5371,True,-1715.104926,1.3386399999999412,
us12,2000,1992,2,83.0,157.0,remlax GPU (A100),8,ok,106.093,5.079,3.31,97.705,398.0,8289.0,0.2455,0.0118,0.012,True,-1715.104926,1.3386399999999412,
us12,8000,7992,2,333.0,157.0,asreml,4,ok,5.589,,,5.589,161.0,161.0,0.0347,0.0347,,True,-6766.876265,,
us12,8000,7992,2,333.0,157.0,remlax CPU (4 cores),4,timeout,10801.7,,,,,,,,,,,,solveur REML : echec
us12,8000,7992,2,333.0,157.0,remlax GPU (A100),8,ok,280.296,7.411,15.09,257.795,49.0,1008.0,5.2611,0.2557,0.256,True,-6766.876265,0.0,
us12,16000,15996,2,666.0,157.0,asreml,4,ok,7.3,,,7.3,161.0,161.0,0.0453,0.0453,,True,-14565.966893,,
us12,16000,15996,2,666.0,157.0,remlax GPU (A100),8,ok,2800.947,25.094,90.368,2685.486,54.0,1642.0,49.7312,1.6355,1.6329,True,-14565.966893,0.0,
usK3,500,498,2,83.0,13.0,asreml,4,ok,5.198,,,5.198,17.0,17.0,0.3058,0.3058,,True,-396.671517,,
usK3,500,498,2,83.0,13.0,remlax CPU (4 cores),4,ok,5.392,3.167,0.514,1.712,23.0,83.0,0.0744,0.0206,0.0201,True,-396.67149,2.6999999988674972e-05,
usK3,500,498,2,83.0,13.0,remlax GPU (A100),8,ok,9.441,5.875,3.259,0.307,22.0,140.0,0.0139,0.0022,0.0022,True,-396.67149,2.6999999988674972e-05,
usK3,2000,1998,1,666.0,13.0,asreml,8,ok,8.902,,,8.902,17.0,17.0,0.5236,0.5236,,True,-1631.210958,,
usK3,2000,1998,2,333.0,13.0,asreml,4,ok,6.455,,,6.455,17.0,17.0,0.3797,0.3797,,True,-1382.920264,,
usK3,2000,1998,10,67.0,13.0,asreml,8,ok,3.577,,,3.577,17.0,17.0,0.2104,0.2104,,True,-1460.667271,,
usK3,2000,1998,40,17.0,13.0,asreml,8,ok,1.346,,,1.346,17.0,17.0,0.0792,0.0792,,True,-1665.42321,,
usK3,2000,1998,1,666.0,13.0,remlax CPU (4 cores),8,ok,96.429,5.162,14.963,76.304,32.0,193.0,2.3845,0.3954,0.3778,True,-1631.210894,6.399999983841553e-05,
usK3,2000,1998,2,333.0,13.0,remlax CPU (4 cores),4,ok,47.19,4.284,6.88,36.026,19.0,82.0,1.8961,0.4393,0.4148,True,-1382.920251,1.3000000080864993e-05,
usK3,2000,1998,10,67.0,13.0,remlax CPU (4 cores),8,ok,40.294,3.607,0.576,36.111,63.0,155.0,0.5732,0.233,0.2276,True,-1460.667271,0.0,
usK3,2000,1998,40,17.0,13.0,remlax CPU (4 cores),8,ok,45.924,3.656,0.378,41.89,86.0,181.0,0.4871,0.2314,0.2324,True,-1665.42321,0.0,
usK3,2000,1998,1,666.0,13.0,remlax GPU (A100),8,ok,36.469,6.859,28.031,1.579,31.0,95.0,0.0509,0.0166,0.0167,True,-1631.210894,6.399999983841553e-05,
usK3,2000,1998,2,333.0,13.0,remlax GPU (A100),8,ok,17.166,6.293,9.63,1.244,19.0,82.0,0.0655,0.0152,0.0153,True,-1382.920251,1.3000000080864993e-05,
usK3,2000,1998,4,166.0,12.0,remlax GPU (A100),8,ok,12.472,6.032,4.717,1.723,32.0,119.0,0.0539,0.0145,0.0146,True,-1696.45805,,
usK3,2000,1998,10,67.0,13.0,remlax GPU (A100),8,ok,11.846,6.082,3.577,2.187,63.0,155.0,0.0347,0.0141,0.0142,True,-1460.667271,0.0,
usK3,2000,1998,40,17.0,13.0,remlax GPU (A100),8,ok,11.836,5.625,3.254,2.957,88.0,213.0,0.0336,0.0139,0.0139,True,-1665.42321,0.0,
usK3,8000,7998,1,2666.0,13.0,asreml,8,ok,441.098,,,441.098,17.0,17.0,25.9469,25.9469,,True,-7032.215562,,
usK3,8000,7998,2,1333.0,13.0,asreml,4,ok,78.817,,,78.817,17.0,17.0,4.6363,4.6363,,True,-7892.288749,,
usK3,8000,7998,10,267.0,13.0,asreml,8,ok,4.338,,,4.338,17.0,17.0,0.2552,0.2552,,True,-4865.280599,,
usK3,8000,7998,40,67.0,13.0,asreml,8,ok,2.703,,,2.703,17.0,17.0,0.159,0.159,,True,-4799.607644,,
usK3,8000,7998,1,2666.0,13.0,remlax CPU (4 cores),4,ok,3520.558,151.272,4.191,3365.095,29.0,119.0,116.0378,28.2781,30.1919,True,-7032.215562,0.0,
usK3,8000,7998,2,1333.0,13.0,remlax CPU (4 cores),4,ok,2257.067,61.086,409.559,1786.422,33.0,98.0,54.134,18.2288,18.708,False,-7892.288749,0.0,
usK3,8000,7998,10,267.0,13.0,remlax CPU (4 cores),4,ok,1478.756,32.366,15.963,1430.427,30.0,121.0,47.6809,11.8217,13.735,True,-4865.280599,0.0,
usK3,8000,7998,40,67.0,13.0,remlax CPU (4 cores),4,ok,1555.564,25.333,1.526,1528.705,50.0,146.0,30.5741,10.4706,10.7543,True,-4799.607644,0.0,
usK3,8000,7998,1,2666.0,13.0,remlax GPU (A100),8,ok,139.105,74.164,22.814,42.127,30.0,99.0,1.4042,0.4255,0.4248,False,-7032.215562,0.0,
usK3,8000,7998,2,1333.0,13.0,remlax GPU (A100),8,ok,452.049,25.322,404.135,22.592,34.0,70.0,0.6645,0.3227,0.3229,True,-7892.288749,0.0,
usK3,8000,7998,4,666.0,12.0,remlax GPU (A100),8,ok,137.345,11.757,108.227,17.361,27.0,62.0,0.643,0.28,0.2787,True,-5997.92742,,
usK3,8000,7998,10,267.0,13.0,remlax GPU (A100),8,ok,64.548,7.909,25.317,31.322,30.0,123.0,1.0441,0.2546,0.2542,True,-4865.280599,0.0,
usK3,8000,7998,40,67.0,13.0,remlax GPU (A100),8,ok,64.892,6.809,9.342,48.741,51.0,201.0,0.9557,0.2425,0.2425,True,-4799.607644,0.0,
usK3,16000,15999,2,2666.0,13.0,asreml,4,ok,546.73,,,546.73,17.0,17.0,32.1606,32.1606,,True,-11961.419468,,
usK3,16000,15999,2,2666.0,13.0,remlax GPU (A100),8,ok,442.359,167.196,107.922,167.242,21.0,82.0,7.9639,2.0395,2.0369,True,-11961.419468,0.0,
usK6,500,498,2,41.0,43.0,asreml,4,ok,5.415,,,5.415,47.0,47.0,0.1152,0.1152,,True,-340.308683,,
usK6,500,498,2,41.0,43.0,remlax CPU (4 cores),4,ok,20.271,3.504,0.534,16.234,156.0,516.0,0.1041,0.0315,0.0261,True,-340.308653,2.99999999811007e-05,
usK6,500,498,2,41.0,43.0,remlax GPU (A100),8,ok,9.405,5.581,3.07,0.754,155.0,340.0,0.0049,0.0022,0.0023,True,-340.308653,2.99999999811007e-05,
usK6,2000,1998,1,333.0,43.0,asreml,8,ok,9.83,,,9.83,47.0,47.0,0.2091,0.2091,,True,-1880.150651,,
usK6,2000,1998,2,166.0,43.0,asreml,4,ok,6.619,,,6.619,47.0,47.0,0.1408,0.1408,,True,-1797.082865,,
usK6,2000,1998,10,33.0,43.0,asreml,8,ok,1.458,,,1.458,47.0,47.0,0.031,0.031,,True,-1330.93475,,
usK6,2000,1998,40,8.0,43.0,asreml,8,ok,2.632,,,2.632,47.0,47.0,0.056,0.056,,False,-1321.073557,,
usK6,2000,1998,1,333.0,43.0,remlax CPU (4 cores),8,ok,221.962,4.569,7.508,209.885,79.0,531.0,2.6568,0.3953,0.3651,True,-1880.150489,0.000161999999818363,
usK6,2000,1998,2,166.0,43.0,remlax CPU (4 cores),4,ok,221.229,4.932,3.779,212.517,46.0,316.0,4.6199,0.6725,0.7075,True,-1797.082813,5.2000000096086296e-05,
usK6,2000,1998,10,33.0,43.0,remlax CPU (4 cores),8,ok,83.265,3.591,0.447,79.227,74.0,345.0,1.0706,0.2296,0.2188,True,-1330.934713,3.699999979289714e-05,
usK6,2000,1998,40,8.0,43.0,remlax CPU (4 cores),8,ok,754.057,3.648,0.334,750.075,1084.0,3308.0,0.692,0.2267,0.2269,True,-1321.040314,0.03324299999985669,
usK6,2000,1998,1,333.0,43.0,remlax GPU (A100),8,ok,28.486,6.326,15.726,6.434,78.0,438.0,0.0825,0.0147,0.0149,True,-1880.150489,0.000161999999818363,
usK6,2000,1998,2,166.0,43.0,remlax GPU (A100),8,ok,15.444,5.944,6.459,3.041,46.0,229.0,0.0661,0.0133,0.0134,True,-1797.082813,5.2000000096086296e-05,
usK6,2000,1998,4,83.0,42.0,remlax GPU (A100),8,ok,13.994,5.952,4.04,4.002,48.0,320.0,0.0834,0.0125,0.0127,True,-1596.689585,,
usK6,2000,1998,10,33.0,43.0,remlax GPU (A100),8,ok,15.53,5.778,3.402,6.35,74.0,522.0,0.0858,0.0122,0.0123,True,-1330.934713,3.699999979289714e-05,
usK6,2000,1998,40,8.0,43.0,remlax GPU (A100),8,ok,46.806,5.289,2.972,38.545,1000.0,3225.0,0.0385,0.012,0.012,True,-1321.040314,0.03324299999985669,
usK6,8000,7998,1,1333.0,43.0,asreml,8,ok,444.133,,,444.133,47.0,47.0,9.4496,9.4496,,True,-8409.674329,,
usK6,8000,7998,2,666.0,43.0,asreml,4,ok,77.943,,,77.943,47.0,47.0,1.6584,1.6584,,True,-7009.274683,,
usK6,8000,7998,10,133.0,43.0,asreml,8,ok,4.081,,,4.081,47.0,47.0,0.0868,0.0868,,True,-5530.264044,,
usK6,8000,7998,40,33.0,43.0,asreml,8,ok,1.533,,,1.533,47.0,47.0,0.0326,0.0326,,True,-5917.532417,,
usK6,8000,7998,1,1333.0,43.0,remlax CPU (4 cores),4,timeout,10805.3,,,,,,,,,,,,solveur REML : echec
usK6,8000,7998,2,666.0,43.0,remlax CPU (4 cores),4,ok,7537.013,56.374,205.916,7274.723,39.0,402.0,186.5314,18.0963,19.3947,True,-7009.274683,0.0,
usK6,8000,7998,10,133.0,43.0,remlax CPU (4 cores),4,ok,4936.785,29.577,9.093,4898.115,66.0,426.0,74.2139,11.4979,11.3499,True,-5530.264034,9.999999747378752e-06,
usK6,8000,7998,40,33.0,43.0,remlax CPU (4 cores),4,ok,3166.612,26.63,1.018,3138.964,110.0,300.0,28.536,10.4632,10.1334,True,-5917.532413,4.000000444648322e-06,
usK6,8000,7998,1,1333.0,43.0,remlax GPU (A100),8,ok,189.814,38.327,22.301,129.185,63.0,335.0,2.0506,0.3856,0.3821,True,-8409.674166,0.0001629999987926567,
usK6,8000,7998,2,666.0,43.0,remlax GPU (A100),8,ok,340.615,16.105,208.834,115.676,39.0,399.0,2.9661,0.2899,0.2884,True,-7009.274683,0.0,
usK6,8000,7998,4,333.0,42.0,remlax GPU (A100),8,ok,170.57,9.667,60.19,100.713,48.0,407.0,2.0982,0.2475,0.2454,True,-5962.883915,,
usK6,8000,7998,10,133.0,43.0,remlax GPU (A100),8,ok,100.228,7.522,17.032,75.673,69.0,341.0,1.0967,0.2219,0.2211,True,-5530.264034,9.999999747378752e-06,
usK6,8000,7998,40,33.0,43.0,remlax GPU (A100),8,ok,79.236,6.64,8.585,64.011,116.0,306.0,0.5518,0.2092,0.2084,True,-5917.532413,4.000000444648322e-06,
usK6,16000,15996,2,1333.0,43.0,asreml,4,ok,549.581,,,549.581,47.0,47.0,11.6932,11.6932,,True,-13464.333346,,
usK6,16000,15996,2,1333.0,43.0,remlax GPU (A100),8,ok,448.586,90.846,92.255,265.485,39.0,141.0,6.8073,1.8829,1.8716,True,-13464.333346,0.0,
ige,500,504,4,126.0,8.0,asreml,4,ok,9.393,,,9.393,12.0,12.0,0.7828,0.7828,,False,-430.973665,,
ige,500,504,4,126.0,8.0,remlax CPU (4 cores),4,ok,11.703,5.855,1.104,4.744,19.0,84.0,0.2497,0.0565,0.0682,True,-430.945132,0.028532999999981712,
ige,500,504,4,126.0,8.0,remlax GPU (A100),8,ok,10.905,6.564,4.119,0.222,19.0,86.0,0.0117,0.0026,0.0025,True,-430.945132,0.028532999999981712,
ige,2000,2016,1,2016.0,8.0,asreml,8,error,2.6,,,,,,,,,,,,"Error in asreml(y ~ 1, random = stats::as.formula(sprintf(""~ str(~ geno + grp(nb), ~ us(2):id(%d)) + grp(xb) + ar1(row):ar1(col)"",  :    Error   : 1 singularities in the Average Information matrix.           : To help identifying the issue, try running it again with argument ai.sing = TRUE;         "
ige,2000,2016,2,1008.0,8.0,asreml,8,ok,79.94,,,79.94,12.0,12.0,6.6617,6.6617,,True,-1924.813196,,
ige,2000,2016,4,504.0,8.0,asreml,4,ok,19.33,,,19.33,12.0,12.0,1.6108,1.6108,,True,-1682.301278,,
ige,2000,2016,10,202.0,8.0,asreml,8,ok,8.824,,,8.824,12.0,12.0,0.7353,0.7353,,True,-1346.954206,,
ige,2000,2016,40,50.0,8.0,asreml,8,ok,3.646,,,3.646,12.0,12.0,0.3038,0.3038,,True,-979.891035,,
ige,2000,2016,1,2016.0,8.0,remlax CPU (4 cores),8,ok,113.25,6.72,1.518,105.013,31.0,98.0,3.3875,1.0716,1.0434,True,-2064.484321,,
ige,2000,2016,2,1008.0,8.0,remlax CPU (4 cores),8,ok,69.174,6.02,1.057,62.097,33.0,80.0,1.8817,0.7762,0.7625,True,-1924.813151,4.500000000007276e-05,
ige,2000,2016,4,504.0,8.0,remlax CPU (4 cores),4,ok,65.856,7.888,0.906,57.063,23.0,51.0,2.481,1.1189,1.286,True,-1682.301274,3.999999989900971e-06,
ige,2000,2016,10,202.0,8.0,remlax CPU (4 cores),8,ok,43.128,5.541,0.686,36.901,21.0,65.0,1.7572,0.5677,0.561,True,-1346.954194,1.2000000197076588e-05,
ige,2000,2016,40,50.0,8.0,remlax CPU (4 cores),8,ok,44.31,5.4,0.629,38.281,27.0,73.0,1.4178,0.5244,0.5306,True,-979.891034,9.999999974752427e-07,
ige,2000,2016,1,2016.0,8.0,remlax GPU (A100),8,ok,15.715,6.788,6.091,2.836,31.0,99.0,0.0915,0.0287,0.0289,True,-2064.484321,,
ige,2000,2016,2,1008.0,8.0,remlax GPU (A100),8,ok,14.479,6.718,5.271,2.49,33.0,101.0,0.0754,0.0247,0.0247,True,-1924.813151,4.500000000007276e-05,
ige,2000,2016,4,504.0,8.0,remlax GPU (A100),8,ok,13.048,6.704,5.197,1.147,23.0,51.0,0.0498,0.0225,0.0223,True,-1682.301274,3.999999989900971e-06,
ige,2000,2016,10,202.0,8.0,remlax GPU (A100),8,ok,12.929,6.641,4.916,1.372,21.0,65.0,0.0653,0.0211,0.0211,True,-1346.954194,1.2000000197076588e-05,
ige,2000,2016,40,50.0,8.0,remlax GPU (A100),8,ok,13.345,6.591,4.87,1.884,27.0,92.0,0.0698,0.0205,0.0205,True,-979.891034,9.999999974752427e-07,
ige,8000,8037,1,8037.0,8.0,asreml,8,error,23.5,,,,,,,,,,,,"Error in asreml(y ~ 1, random = stats::as.formula(sprintf(""~ str(~ geno + grp(nb), ~ us(2):id(%d)) + grp(xb) + ar1(row):ar1(col)"",  :    Error   : 1 singularities in the Average Information matrix.           : To help identifying the issue, try running it again with argument ai.sing = TRUE;         "
ige,8000,8037,2,4018.0,8.0,asreml,8,ok,2040.427,,,2040.427,12.0,12.0,170.0356,170.0356,,True,-7888.928793,,
ige,8000,8037,4,2009.0,8.0,asreml,4,ok,815.736,,,815.736,12.0,12.0,67.978,67.978,,True,-6924.519827,,
ige,8000,8037,10,804.0,8.0,asreml,8,ok,221.836,,,221.836,12.0,12.0,18.4863,18.4863,,True,-5667.98626,,
ige,8000,8037,40,201.0,8.0,asreml,8,ok,32.861,,,32.861,12.0,12.0,2.7384,2.7384,,True,-4255.235878,,
ige,8000,8037,1,8037.0,8.0,remlax CPU (4 cores),4,ok,9724.333,218.958,18.396,9486.979,50.0,104.0,189.7396,91.221,92.1296,True,-8401.022253,,
ige,8000,8037,2,4018.0,8.0,remlax CPU (4 cores),4,ok,5103.502,158.306,12.588,4932.607,28.0,75.0,176.1646,65.7681,66.4167,True,-7888.928736,5.700000019714935e-05,
ige,8000,8037,4,2009.0,8.0,remlax CPU (4 cores),4,ok,4058.503,152.635,9.343,3896.525,26.0,72.0,149.8664,54.1184,53.8743,True,-6924.519827,0.0,
ige,8000,8037,10,804.0,8.0,remlax CPU (4 cores),4,ok,2884.745,106.204,8.857,2769.683,20.0,64.0,138.4842,43.2763,44.2305,True,-5667.98626,0.0,
ige,8000,8037,40,201.0,8.0,remlax CPU (4 cores),4,ok,3713.752,96.551,2.818,3614.383,27.0,92.0,133.866,39.2868,40.2168,True,-4255.235876,2.0000006770715117e-06,
ige,8000,8037,1,8037.0,8.0,remlax GPU (A100),8,ok,258.248,35.482,91.106,131.66,50.0,123.0,2.6332,1.0704,1.0622,True,-8401.022253,,
ige,8000,8037,2,4018.0,8.0,remlax GPU (A100),8,ok,162.217,26.557,73.844,61.815,28.0,76.0,2.2077,0.8134,0.8076,True,-7888.928736,5.700000019714935e-05,
ige,8000,8037,4,2009.0,8.0,remlax GPU (A100),8,ok,114.01,15.555,49.077,49.378,26.0,72.0,1.8992,0.6858,0.6835,True,-6924.519827,0.0,
ige,8000,8037,10,804.0,8.0,remlax GPU (A100),8,ok,100.381,15.758,45.569,39.054,20.0,64.0,1.9527,0.6102,0.6064,True,-5667.98626,0.0,
ige,8000,8037,40,201.0,8.0,remlax GPU (A100),8,ok,89.306,12.699,35.461,41.146,27.0,72.0,1.5239,0.5715,0.5667,True,-4255.235876,2.0000006770715117e-06,
ige,16000,16000,4,4000.0,8.0,asreml,8,ok,5422.444,,,5422.444,12.0,12.0,451.8703,451.8703,,True,-13850.232859,,
ige,16000,16000,4,4000.0,8.0,remlax GPU (A100),8,ok,644.188,77.819,249.744,316.625,22.0,68.0,14.3921,4.6563,4.6479,True,-13850.232858,1.0000003385357559e-06,
